who, energy-over-distance, energy-over-time
1, 2.6358126721763084, 0.7206834958142337
3, 2.6397857930382735, 0.7213721565842426
4, 2.617674710122219, 0.7190479264854628
0, 2.615577299412916, 0.7190909677835884
8, 2.6224033863761074, 0.7199517937460994
2, 2.627110657347051, 0.719887231798911
6, 2.6537974683544303, 0.7218886521617492
5, 2.626923076923077, 0.7202315621839155
9, 2.6468870827744024, 0.7218886521617492
7, 2.647383789756136, 0.7219101728108119
