who, energy-over-distance, energy-over-time
7, 2.6128903918838273, 0.7192399656852904
1, 2.6410102224894767, 0.7214850238195192
4, 2.624916810861174, 0.7199153083760746
3, 2.6155226260881124, 0.7184368554584116
6, 2.633077692564188, 0.7206636610874843
5, 2.6469643215744028, 0.7217588113968643
9, 2.6437550147098157, 0.7217040538813952
8, 2.6343920992926733, 0.7205906510668589
0, 2.6506661310838857, 0.7226714366546808
2, 2.6333489023820644, 0.7203533684998266
