who, energy-over-distance, energy-over-time
1, 2.635590951679829, 0.7204983716930733
8, 2.632011767065588, 0.7202422335248271
9, 2.6164757591901973, 0.7188151780160269
3, 2.6434601983382473, 0.7217790625343042
2, 2.6315789473684212, 0.7208459877785502
7, 2.634715719063545, 0.7206447363606425
5, 2.634868640951935, 0.7211204215302426
0, 2.637252276379218, 0.7206630319440887
4, 2.6262093814639353, 0.7200958688572578
6, 2.627068873465029, 0.7201873467744886
