who, energy-over-distance, energy-over-time
7, 2.63076816320866, 0.7207056497604745
4, 2.6226179751922944, 0.7194700022811954
5, 2.6256673368924632, 0.719907231389248
0, 2.6337225465665832, 0.7203634704585202
8, 2.624359152002217, 0.7200973310014448
1, 2.6402812587023115, 0.7209527792563303
9, 2.638135003479471, 0.7206676298380351
3, 2.642369813422445, 0.7215230780929207
2, 2.640339880206157, 0.7206676298380351
6, 2.6273339348927607, 0.7195650520872937
