who, energy-over-distance, energy-over-time
3, 2.6253463095830076, 0.7196938715896477
1, 2.6373610715303504, 0.7208817744542463
9, 2.643030389499215, 0.7215049366127242
2, 2.6255947730985016, 0.7199665050339819
5, 2.6514371514371513, 0.7221475725886546
0, 2.6520526391074237, 0.7221086249537497
4, 2.6127912741695587, 0.7183891258203345
8, 2.6269282718418996, 0.719615976319838
6, 2.6300298592350346, 0.7204144028353878
7, 2.632009678337603, 0.7202391384783159
