who, energy-over-distance, energy-over-time
5, 2.632210031347962, 0.7205809787389242
2, 2.6274064798873065, 0.7202806204543992
0, 2.6283968987391337, 0.7200446246594152
9, 2.6262143528674398, 0.7191650039690202
8, 2.628374677204789, 0.7206024329021047
4, 2.6398554708978086, 0.7210315161657119
3, 2.6407820351758793, 0.7215678702452211
6, 2.620506408252579, 0.7194009997640042
1, 2.6366133082234775, 0.7208813370234494
7, 2.602629940865235, 0.7176203042200339
