who, energy-over-distance, energy-over-time
5, 2.635489284792151, 0.7206219774789085
3, 2.648205726130328, 0.7215750644216175
6, 2.6236897948684974, 0.7201277842493558
9, 2.628913799768071, 0.7202160330403473
8, 2.622789531219857, 0.7198806876345794
0, 2.640273831051408, 0.7215574146634192
1, 2.6140969728065673, 0.7193864944050267
2, 2.63527286801703, 0.7210279219174698
7, 2.6205655526992286, 0.7196865402943979
4, 2.629307568438003, 0.7204631296551237
