who, energy-over-distance, energy-over-time
4, 2.617101516201031, 0.7184297817498045
2, 2.6447765817393325, 0.7215566964568676
6, 2.6318672839506174, 0.7206482009676534
7, 2.6308119361554474, 0.7208594789884009
1, 2.635647540350606, 0.7210707570091484
5, 2.648062015503876, 0.7217257188734656
8, 2.6093126725989566, 0.7186621875726268
0, 2.6001071073368527, 0.718049481312459
9, 2.620289186279034, 0.7198030888846634
3, 2.642630560928433, 0.7216412076651666
