who, energy-over-distance, energy-over-time
7, 2.6336569579288027, 0.7206588476070529
0, 2.625224191118445, 0.7201078400503779
2, 2.623600344530577, 0.719301007556675
5, 2.61744052737174, 0.7188483942065491
1, 2.6348007480937996, 0.7208162783375315
6, 2.6317567567567566, 0.7205014168765743
3, 2.614041365490589, 0.7187893576826196
4, 2.6241928540680153, 0.7197732997481109
8, 2.630247268545141, 0.720088161209068
9, 2.6319309600863, 0.7201865554156172
