who, energy-over-distance, energy-over-time
8, 2.638385247171858, 0.7210681235838469
7, 2.6363706803037346, 0.7205175444169155
4, 2.6401241753977494, 0.7203693115642801
0, 2.625260718424102, 0.7196493234229083
5, 2.6284985310035567, 0.719924613006374
6, 2.6231951200679484, 0.7194163860830527
3, 2.6297556449118464, 0.7201575503462296
2, 2.6405086848635237, 0.7210892997056519
1, 2.6214985724207116, 0.7193952099612477
9, 2.635272248470297, 0.7204963682951104
