who, energy-over-distance, energy-over-time
0, 2.623228405191705, 0.7200450450450451
2, 2.632350740685321, 0.7203931203931204
8, 2.622202327663384, 0.7196560196560197
9, 2.623218682384541, 0.7198812448812448
3, 2.6375964636247846, 0.7208026208026208
6, 2.6272693313410533, 0.72002457002457
4, 2.646807233435882, 0.7222358722358723
1, 2.6316025736944484, 0.7201883701883702
5, 2.6321847671724345, 0.7210483210483211
7, 2.632799640879844, 0.7205159705159705
