who, energy-over-distance, energy-over-time
6, 2.628730158730159, 0.720247026333529
0, 2.6316751430387795, 0.7201382999543349
7, 2.6382285123638387, 0.7215299976080196
2, 2.617698274497388, 0.7191597625415879
5, 2.63984399872652, 0.7212255637462761
9, 2.616711504984966, 0.7191162719899102
8, 2.6200586231482217, 0.7191815078174266
4, 2.627360736391049, 0.7199860830234631
3, 2.6227027883396703, 0.7199643377476244
1, 2.637614314115308, 0.721247309022115
