who, energy-over-distance, energy-over-time
3, 2.621743794054551, 0.719430661845093
5, 2.638946638946639, 0.7205449499621562
4, 2.6282995702885206, 0.7201244638802455
2, 2.613320079522863, 0.7185476410730804
8, 2.625258958029617, 0.7193465646287108
6, 2.6250862002911655, 0.7202926583130098
1, 2.647775464569358, 0.721953578336557
0, 2.6425600739371533, 0.7213648978218821
9, 2.63512577890607, 0.7201665124884367
7, 2.6262657256827246, 0.719788075014717
