who, energy-over-distance, energy-over-time
5, 1.6312849162011174, 0.5258974040491864
2, 1.7087033747779752, 0.5376971804744752
4, 1.619858427396212, 0.5258352999627376
1, 1.7524397530372435, 0.5464538566637684
0, 1.5873106060606061, 0.5204943485281331
7, 1.6133665262351589, 0.5232269283318842
9, 1.6483388381581503, 0.5268910694323686
6, 1.743660855784469, 0.5466401689231152
8, 1.6160919540229886, 0.523910073282822
3, 1.638628089672351, 0.531114147310893
