who, energy-over-distance, energy-over-time
1, 1.639251607873709, 0.5243765586034913
2, 1.6433404214189058, 0.5299875311720699
6, 1.4703499079189688, 0.4977556109725686
4, 1.6527506827936012, 0.5281795511221945
7, 1.4629460201280877, 0.4984413965087282
5, 1.7116223720745736, 0.5380299251870324
8, 1.5704519559437904, 0.5155860349127181
3, 1.490489381348107, 0.5031795511221945
9, 1.5033333333333334, 0.5061097256857855
0, 1.5191806331471136, 0.5086034912718205
