who, energy-over-distance, energy-over-time
2, 1.5924026590693257, 0.5223350570057941
8, 1.6501739466563587, 0.5319294747990779
0, 1.6709939934121294, 0.5372873964238988
5, 1.5451127819548873, 0.5121176250700891
7, 1.6005703422053232, 0.5245156065042677
4, 1.6708811515269404, 0.5351691483396673
1, 1.7472067039106145, 0.5455734845180985
3, 1.6515740380878352, 0.529499719643636
6, 1.5900926451124977, 0.5239548937760887
9, 1.7359091814379606, 0.5430191265341723
