who, energy-over-distance, energy-over-time
9, 1.654594490464265, 0.5308077374698721
5, 1.663841263725679, 0.5337741795933503
6, 1.738580185880957, 0.5433533156170818
7, 1.7294628751974723, 0.541252085779618
1, 1.6235944349151896, 0.5264816760397998
0, 1.7331759149940968, 0.5443421296582411
8, 1.646855164454703, 0.5291391137754156
3, 1.6570383208164838, 0.5317965515110314
2, 1.677107501933488, 0.5360608120635313
4, 1.6885531667635096, 0.5387800506767196
