who, energy-over-distance, energy-over-time
4, 1.4887785136129508, 0.5025459513164431
3, 1.5103819058212828, 0.5058991554893194
7, 1.707564026206075, 0.5340909090909091
9, 1.5208528146624276, 0.5049677098857427
0, 1.5527060154629455, 0.5113015399900646
8, 1.6087540794778268, 0.520367610531545
2, 1.5329711502435368, 0.5081346249379036
1, 1.6184084372003835, 0.524093392945852
5, 1.6100305110602593, 0.5242796820665673
6, 1.6144555214723926, 0.5229135618479881
