who, energy-over-distance, energy-over-time
6, 1.6958651773466589, 0.5361169619625821
2, 1.6797118380062306, 0.534444306777351
4, 1.6788363920343616, 0.5327097014000743
0, 1.6344894026974952, 0.5255234791227853
8, 1.561542824730573, 0.511646636104572
9, 1.5773079101378138, 0.5175938545409491
1, 1.6235792718166058, 0.5221162185602776
7, 1.636539578091736, 0.5238508239375542
3, 1.6354508592392354, 0.5247181266261925
5, 1.65946261682243, 0.5280014868046091
