who, energy-over-distance, energy-over-time
3, 2.6313489896231568, 0.7204186741983718
0, 2.641778319123021, 0.7206844990862269
4, 2.642474427666829, 0.7210500083070277
9, 2.634187826509537, 0.7204519023093537
1, 2.6315246419033747, 0.7203356039209171
2, 2.6376344739561173, 0.721000166140555
7, 2.6398150401557556, 0.7208506396411364
5, 2.6279253061719414, 0.7201362352550258
6, 2.634015920277086, 0.7201860774214985
8, 2.6434226552984166, 0.7211330785844825
