who, energy-over-distance, energy-over-time
9, 2.644770206022187, 0.7214932664663539
4, 2.623453384821499, 0.7195910161907438
1, 2.635112692763938, 0.7202827435636929
5, 2.6185680566483085, 0.7194397008279112
7, 2.633878486213163, 0.7206286072501675
8, 2.6193660033037047, 0.7198287974751951
0, 2.647156792767071, 0.7215148829467586
3, 2.6349770823455034, 0.7207583061325955
6, 2.635673624288425, 0.7206069907697629
2, 2.61685552407932, 0.7188560558569854
