who, energy-over-distance, energy-over-time
9, 2.6307206733298263, 0.7208574429092107
5, 2.6253942033338338, 0.7199925869489118
0, 2.6321372150756037, 0.7204867903547969
3, 2.6229545113346346, 0.7195395671601836
6, 2.6323474072401596, 0.7202190968432758
1, 2.6441240848365912, 0.7213722381236743
2, 2.6170850505807417, 0.7191689146057698
7, 2.6350628812410575, 0.720527973971954
4, 2.633503913305238, 0.7205897493976896
8, 2.6312899586310645, 0.7203632395033256
