who, energy-over-distance, energy-over-time
9, 2.6201365187713312, 0.719305149539015
5, 2.6155734351561435, 0.7188366689153737
6, 2.6341212744090443, 0.7204295030357545
8, 2.625691834642979, 0.7200921969867327
2, 2.630306765269789, 0.7198298478374935
0, 2.634618022219174, 0.7199235439622217
4, 2.629439540135496, 0.7200359793118957
1, 2.6358714275923516, 0.7207105914099393
3, 2.6387707504458775, 0.7208605052095045
7, 2.656904630650496, 0.722528296229668
