who, energy-over-distance, energy-over-time
4, 2.637033945464663, 0.7205032689676144
1, 2.6409578170680774, 0.7210734377375703
9, 2.633743140932139, 0.720655313972936
5, 2.629439511653718, 0.7204272464649536
7, 2.631567987783716, 0.72056028584461
3, 2.629439511653718, 0.7204272464649536
6, 2.6181554203539825, 0.7197240383153414
2, 2.625797061269753, 0.7200281283259845
0, 2.6186886152994884, 0.7195719933100198
8, 2.6188499065808593, 0.7192679032993766
