who, energy-over-distance, energy-over-time
7, 2.6322790631854525, 0.7199783243985989
3, 2.629849480602078, 0.7202299162005767
6, 2.624611691612539, 0.7194557875791062
1, 2.627216844485268, 0.7196106133034004
2, 2.628531073446328, 0.7203266822782606
9, 2.6259709080638327, 0.7197267325966209
5, 2.6150112549240294, 0.7194557875791062
8, 2.640084985835694, 0.7214491687793927
4, 2.62364226266046, 0.7199009115364517
0, 2.62940719282131, 0.7202105629850399
