who, energy-over-distance, energy-over-time
9, 2.637638102311763, 0.7206635888590127
7, 2.639780954148877, 0.7214499518035614
4, 2.6316618778385394, 0.7202323575668409
3, 2.64044630404463, 0.7203591902998325
6, 2.635866543095459, 0.7214499518035614
2, 2.638151790684728, 0.7212723859773731
0, 2.652935694315005, 0.7220841154685201
5, 2.640092807424594, 0.7216021510831515
1, 2.6100414555504377, 0.7186849982243417
8, 2.6500744324525494, 0.722515346760692
