who, energy-over-distance, energy-over-time
1, 2.650815850815851, 0.7217720608458332
8, 2.6390523381851967, 0.721137368565807
4, 2.6309689383402874, 0.7203757378297755
0, 2.6464199829338297, 0.721750904436499
3, 2.642009769713887, 0.7208834916537965
6, 2.632555263564693, 0.7205873019231176
5, 2.6317904335059112, 0.7205449891044492
7, 2.609173325138291, 0.718492817399031
2, 2.624836097184728, 0.7199737660524256
9, 2.6285537700865267, 0.7198256711870862
