who, energy-over-distance, energy-over-time
7, 2.6258023842274185, 0.7199541140235087
1, 2.627781601284698, 0.7200012571500408
5, 2.6263188073394494, 0.7197655415173801
2, 2.6203125894543997, 0.7192312527500158
9, 2.6337235996326904, 0.7211326921868125
8, 2.629417163836622, 0.7202841159092338
6, 2.6463738037587916, 0.7213526934439626
0, 2.630914101975195, 0.7200326859010623
3, 2.6409459692732606, 0.7212426928153876
4, 2.6161454462294893, 0.7190741089949085
