who, energy-over-distance, energy-over-time
5, 2.631404958677686, 0.7201176071468959
2, 2.632079371641174, 0.7200045233518036
4, 2.6425267518122197, 0.7214180707904557
1, 2.6359310344827587, 0.7203626220362622
7, 2.6298004129387476, 0.7201741490444419
8, 2.628911354102194, 0.7204757058313543
0, 2.6381057420555596, 0.7213049869953636
6, 2.6410220994475138, 0.7207584153190848
9, 2.621558530724339, 0.7196464246673452
3, 2.6329567373932212, 0.7203437747370802
