who, energy-over-distance, energy-over-time
1, 2.6259151451001146, 0.7200038696882483
0, 2.6127416520210898, 0.7191090042808427
2, 2.6414709791758972, 0.7209471061987569
6, 2.624437979370537, 0.7199796841366968
9, 2.6499778073679536, 0.7219870849154715
4, 2.6352691218130313, 0.7199554985851452
7, 2.6397697077059346, 0.7208019928894478
8, 2.648154719659333, 0.7219387138123685
3, 2.6299726559054424, 0.7211164050596174
5, 2.635069413741268, 0.7207294362347934
