who, energy-over-distance, energy-over-time
0, 2.639863995589046, 0.721113537665989
9, 2.630643831852734, 0.7210382307904711
4, 2.6321490865693566, 0.7197329116148304
7, 2.632626846499679, 0.7202600597434545
6, 2.6221063226278707, 0.7193563772372418
1, 2.65382133308749, 0.7225945728845043
2, 2.643863364331093, 0.720812310163918
5, 2.637365665472582, 0.7207621055802395
8, 2.6426205373573795, 0.7209378216231142
3, 2.641780066200809, 0.7212390491251851
