who, energy-over-distance, energy-over-time
5, 1.4748366590146564, 0.5124555160142349
7, 1.3655010087424344, 0.498343355012885
4, 1.4360655737704917, 0.5106147993618849
6, 1.3119371213361717, 0.4915940606209351
2, 1.5369404997303613, 0.5246042459197447
1, 1.5064102564102564, 0.5190820959626948
3, 1.5503904122026513, 0.5238679592588048
9, 1.4166240844830522, 0.5103080132531599
0, 1.4591194968553458, 0.5124555160142349
8, 1.605914078482425, 0.5298196097680697
