who, energy-over-distance, energy-over-time
7, 1.5641774694175643, 0.5278171400406629
8, 1.5790444567422985, 0.5273858665516604
1, 1.3242975206611571, 0.4936233134126055
6, 1.49919311457773, 0.5151253773643029
4, 1.590009250693802, 0.5294806234982441
5, 1.5097304052847706, 0.5209783747150515
2, 1.415156223027792, 0.5050828661203869
3, 1.5478955007256894, 0.5256607725956502
0, 1.642991356632845, 0.5387221982625839
9, 1.6077080618134425, 0.5320066539338303
