who, energy-over-distance, energy-over-time
7, 1.6774010229210077, 0.5494198672209468
6, 1.5098526540031953, 0.5277036669355339
5, 1.3870032406617772, 0.5045604020599367
1, 1.661122661122661, 0.5453248123099832
3, 1.7513300492610837, 0.5514673946764286
4, 1.6860730593607305, 0.5498541912266551
0, 1.2904746423927178, 0.4925854687596947
9, 1.805715419726136, 0.5645591611342061
8, 1.5373350207919, 0.5275795743624744
2, 1.7307542008597108, 0.5496060060805361
