who, energy-over-distance, energy-over-time
8, 1.6595784719608582, 0.5459666934934687
0, 1.5277977044476327, 0.5273942920819662
6, 1.3125512715340444, 0.4952640376400669
4, 1.7580739870816207, 0.5560576982603851
1, 1.8628721895888192, 0.5693679192719618
2, 1.8800817160367722, 0.5697393673001919
7, 1.7923854848304581, 0.5595864545285706
3, 1.5210008936550492, 0.5268371200396211
5, 1.2386037615556265, 0.48108710456261994
9, 1.85010101010101, 0.5669535070884666
