who, energy-over-distance, energy-over-time
5, 1.5284202976510668, 0.5235550641852466
0, 1.6321070234113713, 0.5395245992260918
8, 1.6623229461756375, 0.5406301824212272
4, 1.4415697169647508, 0.5099195381119096
3, 1.591360294117647, 0.5317240955715251
7, 1.4133925521011275, 0.5081997420305878
1, 1.64523988005997, 0.5392174927829986
6, 1.4130770550883818, 0.5057428904858424
9, 1.488830255057168, 0.5198697868681285
2, 1.6541565021580034, 0.5414286591732694
