who, energy-over-distance, energy-over-time
8, 1.26326726342711, 0.4877491822502006
4, 1.4551448898143329, 0.5175584768252792
6, 1.5245519713261648, 0.5250262297105475
2, 1.686139747995418, 0.5450842436585818
3, 1.6230151317018495, 0.5361970005554527
0, 1.7370873786407768, 0.5521199777818923
1, 1.6559788758958884, 0.5418749614268963
9, 1.7650614154806006, 0.5587236931432451
5, 1.7726468854391826, 0.5567487502314387
7, 1.563822027716995, 0.5292847003641301
