who, energy-over-distance, energy-over-time
9, 1.326083374526281, 0.49947247564078695
1, 1.2626278772378516, 0.49022528393222864
6, 1.9693617021276595, 0.5744429963383604
2, 1.4881875881523272, 0.5238627195432259
0, 1.5355859094176851, 0.5302550735431019
4, 1.2513072413246713, 0.49010116055359026
3, 1.8626250255154113, 0.5663129150375473
5, 1.8513925594633056, 0.565195804629802
8, 1.5926333150082463, 0.5393781418730218
7, 1.878646677471637, 0.5754980450567865
