who, energy-over-distance, energy-over-time
7, 1.5609891123823583, 0.5283242770595216
5, 1.7248335291813552, 0.5500593342077322
8, 1.328993490235353, 0.49728311785647367
0, 1.166460396039604, 0.47092623821122975
6, 1.1774945601492073, 0.4731746923989757
2, 1.9031852472757753, 0.5672350259196802
1, 1.6916827852998066, 0.5462494535007183
4, 1.3379645128891864, 0.499219286740366
9, 1.891432171356573, 0.5625507463618762
3, 1.4147139903514818, 0.512834925988383
