who, energy-over-distance, energy-over-time
9, 2.05708704145865, 0.585
5, 1.802153968887116, 0.5577777777777778
4, 1.1968638410184753, 0.4758641975308642
7, 2.035268817204301, 0.5841975308641976
3, 1.6174670869645837, 0.5384567901234568
8, 1.405359565807327, 0.5114814814814815
2, 1.4145886344359626, 0.514753086419753
6, 1.7390286717378585, 0.5503703703703704
0, 1.4395869191049915, 0.5162962962962963
1, 1.2735152487961476, 0.48975308641975307
