who, energy-over-distance, energy-over-time
6, 1.7457725947521865, 0.5542049731597458
7, 1.4804577464788733, 0.5188498796816191
1, 1.7466874512860484, 0.5530943419510088
3, 1.2504740834386852, 0.4882458197075338
5, 1.9788895925691365, 0.5783920528166842
8, 1.1993774319066148, 0.47547356080705866
4, 1.8278967380428257, 0.5635836367001913
0, 1.3939342881213141, 0.5104584438822731
2, 1.2197028928850664, 0.4812735237860184
9, 1.463453111305872, 0.5151477756524958
