who, energy-over-distance, energy-over-time
4, 1.4567390554981041, 0.5241225350365869
8, 1.7504839334107627, 0.5607714250279052
1, 1.3914061193780305, 0.5160610194716607
2, 1.856421647819063, 0.5700731737566662
0, 1.416397346487498, 0.5163710777626194
9, 1.31338199513382, 0.5021083963785191
5, 2.0900152938606076, 0.5932035222621853
6, 1.8468793899257476, 0.5706932903385836
7, 2.0297927461139897, 0.5830336103187399
3, 1.6313535654440514, 0.5433461490760263
