who, energy-over-distance, energy-over-time
5, 1.2711566149416094, 0.4936016896508883
1, 1.759071400702302, 0.5601316933780593
0, 2.082347787998248, 0.5906323766927568
8, 2.103819139596137, 0.5954155795751025
6, 1.8374849337083166, 0.5682072307118897
3, 1.5981634527089073, 0.540564045223009
9, 1.3485903814262024, 0.5051559199900609
7, 1.8049940546967895, 0.5657845695117406
4, 1.5786323235987665, 0.5406261647409616
2, 1.3849907454147736, 0.5113057522673624
