who, energy-over-distance, energy-over-time
6, 2.620129565299033, 0.7195307464225861
1, 2.630929969879518, 0.7206652056207297
9, 2.638883650763719, 0.721619182673714
8, 2.6284584980237153, 0.7201237591852521
7, 2.639407658932277, 0.7214902668557432
5, 2.611516853932584, 0.7191182158050793
0, 2.649034822104466, 0.7217996648188733
3, 2.6145052473763117, 0.7194018306046152
2, 2.64951281808722, 0.7221348459455975
4, 2.6352242744063323, 0.7210261699110481
