who, energy-over-distance, energy-over-time
6, 2.638349325220376, 0.7217610277641435
5, 2.6380320187426785, 0.7208860624426471
0, 2.637172284644195, 0.7212701935594016
4, 2.657876147869084, 0.7226786743208349
7, 2.636597737026922, 0.7210567873834268
8, 2.6408753419304416, 0.7210994686186218
2, 2.640168670935499, 0.7215262809705713
9, 2.641578741695975, 0.7212915341769991
1, 2.6403686923918137, 0.7213555560297915
3, 2.630651699407546, 0.720160481444333
