who, energy-over-distance, energy-over-time
6, 2.641164433295927, 0.7216730998160239
8, 2.6377012404328317, 0.7210598463258902
2, 2.62443319971085, 0.7203203347642582
4, 2.6361836896278703, 0.7206449983766819
0, 2.631828665568369, 0.7203564084989719
1, 2.6189288527172487, 0.7197070812741243
5, 2.629032258064516, 0.7203022978969013
7, 2.634733302564779, 0.7207712564481801
9, 2.6330148270181217, 0.7206810721113956
3, 2.6246793396040253, 0.7197251181414812
