who, energy-over-distance, energy-over-time
6, 2.6126120056592335, 0.7185820701923433
0, 2.640564565379657, 0.7210836452581255
4, 2.6329225352112675, 0.7205092095022793
2, 2.6376939231759366, 0.7214727791572472
1, 2.6481267423675803, 0.7216766111996442
7, 2.6486431340542747, 0.7216210206426268
8, 2.6402414214024144, 0.7214357187859022
5, 2.633428107229894, 0.7208427528443835
9, 2.635766077115945, 0.7207501019160212
3, 2.6230172122848465, 0.7200830152318126
