who, energy-over-distance, energy-over-time
3, 2.6413882730678084, 0.7211102994886779
8, 2.64254603805303, 0.7217572785140353
9, 2.6331857731644024, 0.7200250443493686
6, 2.636051305542831, 0.7205885422101639
7, 2.6342468890755018, 0.720150266096212
1, 2.635233081559472, 0.7208598559949911
2, 2.6277033201340236, 0.7201711363873526
5, 2.6461585552494644, 0.7216946676406136
4, 2.639376813807851, 0.7212772618178024
0, 2.6267428571428573, 0.7195241573619952
