who, energy-over-distance, energy-over-time
7, 2.6480371591249625, 0.7216709543060149
0, 2.6369269822308494, 0.7211196863898077
3, 2.638749719584237, 0.7204867491526808
8, 2.6399701158012703, 0.721466781003716
2, 2.6267212504652027, 0.7205275838131406
9, 2.621553325901152, 0.7201804891992323
5, 2.621718110821867, 0.7196904732737147
6, 2.6415066138554666, 0.7216709543060149
4, 2.6486000898338076, 0.7223651435338315
1, 2.6455525606469004, 0.7214259463432562
