who, energy-over-distance, energy-over-time
3, 1.2647484327278573, 0.4850801479654747
5, 2.124338624338624, 0.5940813810110974
2, 1.4488586861822617, 0.5126387176325524
6, 1.4621966125371049, 0.5162762022194821
0, 1.369274490137078, 0.5049938347718865
1, 1.2968851395197925, 0.4928483353884094
9, 1.8778409090909092, 0.5705302096177559
4, 1.8559304910082846, 0.5662762022194822
7, 1.2933462846041768, 0.49254007398273736
8, 1.7246738296239448, 0.5541923551171394
