who, energy-over-distance, energy-over-time
8, 1.5765007320644218, 0.5325502318392581
7, 2.023617021276596, 0.5880061823802164
9, 1.9233463836801978, 0.5770633693972179
4, 1.9953310696095077, 0.5812673879443586
2, 1.3815834182806659, 0.5027511591962905
1, 1.4220532319391634, 0.5086862442040185
6, 1.579043446513326, 0.5347758887171561
0, 1.2798513491678785, 0.4897063369397218
3, 1.2971204188481675, 0.4901391035548686
5, 1.3296975706494794, 0.4974343122102009
