who, energy-over-distance, energy-over-time
1, 1.4181724315952504, 0.5070448532578601
7, 1.4779961732475213, 0.5227957915461761
2, 1.841592039800995, 0.569371808281548
5, 1.214566619474595, 0.47505075985971823
0, 1.3052339801076145, 0.49252445702331876
8, 2.132336777313695, 0.5968128960807235
6, 1.8469630805875348, 0.5725096905186735
3, 1.3137671680837149, 0.4943702701039808
9, 1.8317145688800793, 0.5685719559465945
4, 1.5074520936834634, 0.5227342644434874
