who, energy-over-distance, energy-over-time
9, 1.1838108658211992, 0.4673053152039555
7, 1.342914438502674, 0.49666254635352286
6, 1.2195972728714126, 0.4754017305315204
2, 1.5094642857142857, 0.5224351050679852
0, 1.6443308726102592, 0.5368974042027194
5, 1.2565757624657092, 0.4812731767614339
4, 1.165096525096525, 0.4662546353522868
8, 1.902757619738752, 0.5671817058096416
1, 1.3826235093696764, 0.5016069221260816
3, 1.9105371900826447, 0.5715080346106304
