who, energy-over-distance, energy-over-time
1, 1.5403659849300322, 0.5289877395108127
6, 1.4932814710042432, 0.5203622697307622
0, 1.2695356738391845, 0.4834575811718317
4, 1.4227795911355436, 0.5102581479884172
2, 1.954697286012526, 0.5768590967900931
7, 1.3296594834676756, 0.49799765880105973
9, 1.2509177972865124, 0.48284147618754236
8, 1.4083930399181166, 0.508656275029265
5, 1.9545454545454546, 0.5801860637052554
3, 1.9854767417385812, 0.5811718316801183
