who, energy-over-distance, energy-over-time
7, 1.9513513513513514, 0.5778489195345687
3, 1.3666162380231972, 0.5005233023456258
1, 1.9781386633354154, 0.5849288924459767
9, 1.3625954198473282, 0.5055100658745305
5, 1.2593780057710804, 0.4836544973219233
4, 1.3309754893897023, 0.49812226805393095
8, 1.435861829543482, 0.5092655297666687
6, 1.685293562393808, 0.549590592870775
0, 2.0065400843881855, 0.58554454226436
2, 1.4185096971759101, 0.5133288185679985
