who, energy-over-distance, energy-over-time
2, 1.4390117484450586, 0.5131854590264942
5, 1.4505532503457814, 0.5169439309919901
9, 1.7425569176882663, 0.5517560073937153
0, 1.7413359148112295, 0.5541589648798522
7, 1.466724587315378, 0.5200862600123228
6, 1.775177025963808, 0.5560690080098583
3, 1.2438946528332002, 0.48016019716574243
8, 1.2195859872611465, 0.47190388170055453
4, 1.2327941642879796, 0.47898952556993224
1, 1.281421647819063, 0.488724584103512
