who, energy-over-distance, energy-over-time
1, 1.4550709406200735, 0.511640798226164
9, 1.5890284447728111, 0.5298718896279871
5, 1.329515272244356, 0.49328652377432863
6, 1.874794407894737, 0.5616531165311653
3, 1.8205128205128205, 0.555370780980537
4, 1.5774493705528188, 0.532520325203252
0, 1.1853643314089561, 0.4679108154717911
2, 1.2488375821709155, 0.47973638827297366
7, 1.3317834606443042, 0.4939640305493964
8, 1.3298628325896547, 0.4956270017245627
