who, energy-over-distance, energy-over-time
1, 1.6186378615891615, 0.5457407407407407
8, 1.5254237288135593, 0.5333333333333333
3, 1.412833135291122, 0.5137654320987655
9, 2.1580801409070896, 0.6050617283950618
2, 1.813341250989707, 0.5654938271604938
6, 2.2334392014519056, 0.6077160493827161
0, 1.4229653642723086, 0.5148148148148148
7, 1.7300978323422214, 0.5567283950617284
5, 1.344229816740961, 0.5025925925925926
4, 1.718371212121212, 0.5600617283950617
