who, energy-over-distance, energy-over-time
8, 1.6095713229859572, 0.5357977611022265
9, 1.3013542176537771, 0.4905892483700332
0, 1.4892454160789845, 0.5195596014269898
4, 1.9700611427366646, 0.5747324394144421
6, 1.3598185788677977, 0.4979087218600074
3, 1.2413297107239891, 0.4777340386271374
7, 1.3297714943284564, 0.49753967277647926
5, 1.8887517993008431, 0.5649526387009473
1, 1.6707362885048835, 0.547115266330422
2, 1.4788336553662393, 0.5178373723705253
