who, energy-over-distance, energy-over-time
0, 1.3754197447951646, 0.5057726739519665
7, 1.3268059897975975, 0.49780823609310365
5, 1.8892508143322475, 0.5729456072112119
6, 2.155203215721304, 0.5958510835339877
4, 1.6280273618044, 0.5436809285670186
9, 1.6676714393368501, 0.5465209606717293
1, 1.3572026100050192, 0.5008334876829043
8, 1.4597520516850009, 0.5161449651169969
2, 1.5528352835283528, 0.5325677594616287
3, 1.2353127977135598, 0.48033586466629624
