who, energy-over-distance, energy-over-time
7, 1.4563192125153805, 0.5110412040463854
3, 1.3288191577208919, 0.49629903774981493
9, 2.0214868929952727, 0.5803108808290155
1, 1.5736957314848596, 0.5321366888724401
4, 1.5759343664539653, 0.5331852948433259
5, 1.7245869776482021, 0.5473106340981989
8, 1.342643391521197, 0.4981495188749075
6, 1.3618631242643349, 0.4995682210708117
2, 1.2438134517766497, 0.48365408339501603
0, 1.2648761659697652, 0.48513446829509005
