who, energy-over-distance, energy-over-time
4, 1.2801499348109517, 0.4887685893846058
1, 2.0415584415584416, 0.5868956505506814
3, 1.5554740509811114, 0.5277829631012383
7, 1.3507349214394324, 0.49747993279820796
8, 1.1586733104951727, 0.46300790243295376
9, 2.0105467068445977, 0.5812332773318399
2, 1.5554140127388536, 0.5318275154004107
5, 1.6643089275473142, 0.5417211125630017
6, 1.4773494403979393, 0.5174537987679672
0, 1.3870858113848767, 0.5079335448945306
