who, energy-over-distance, energy-over-time
5, 2.6191351218914614, 0.7196109119671497
6, 2.604719224437534, 0.7189377492805574
2, 2.6334235120511558, 0.7207889466686862
1, 2.6216498006746396, 0.7193753050268423
8, 2.628915366662572, 0.7203513909224012
3, 2.6452269363591516, 0.7218828360343986
9, 2.6366323828293403, 0.7204691943925549
4, 2.637869458128079, 0.7209404082731694
0, 2.629622803784249, 0.720368219989566
7, 2.6358377945972555, 0.7208730920045102
