who, energy-over-distance, energy-over-time
5, 2.6395616711288215, 0.7204227984909765
3, 2.62684438933664, 0.7200319477959419
9, 2.634178158777488, 0.7206097270842539
8, 2.6292734379847365, 0.7201169153383408
1, 2.6322095983112934, 0.7204737790164157
7, 2.6226064324223834, 0.7191822723719539
0, 2.629126334077935, 0.7200319477959419
4, 2.626884188325786, 0.7196410971009074
2, 2.617148862512364, 0.7194201814906706
6, 2.6310854446100347, 0.7200319477959419
