who, energy-over-distance, energy-over-time
9, 2.6189884997386303, 0.7194320792647904
3, 2.6433598631848976, 0.7213347214244687
5, 2.6146363755059405, 0.7188935956346927
6, 2.6152841280209014, 0.7186961516369902
8, 2.636101083032491, 0.7208680356117174
4, 2.637677351550184, 0.7207782883400344
7, 2.616771159874608, 0.7191987363584147
2, 2.6289159785030805, 0.7199885123492246
1, 2.644416677627252, 0.7217655083285468
0, 2.640247108307045, 0.7211013785180931
