who, energy-over-distance, energy-over-time
8, 2.627341070957531, 0.7201525586103429
1, 2.621625181087844, 0.7196283643330984
6, 2.6379686570124976, 0.7211105688411691
0, 2.617801735471996, 0.719809120980424
7, 2.6323403130986196, 0.7203333152576686
9, 2.647347480106101, 0.7216166874536811
5, 2.6258073019638855, 0.7202067856045407
4, 2.6383527234267583, 0.7214540064710879
2, 2.633756278086175, 0.7203875422518663
3, 2.6282473954899115, 0.7204959962402617
