who, energy-over-distance, energy-over-time
0, 2.6245002498750623, 0.7196348126959113
7, 2.627741330834114, 0.7203884825542557
5, 2.6210336013964217, 0.7201658073688357
2, 2.6349017644850456, 0.7213134410167692
1, 2.6376330619912336, 0.7215189873417721
6, 2.6070496083550916, 0.7183330193042257
3, 2.625781054736316, 0.7198061013000805
4, 2.622557892765745, 0.719686199277162
9, 2.6375540379675457, 0.7210907658313492
8, 2.6330539221819094, 0.7209879926688477
