who, energy-over-distance, energy-over-time
2, 2.6318232333137215, 0.7203127516058041
3, 2.628231914337947, 0.720223291764327
9, 2.6322260005231493, 0.7201875078277361
5, 2.6349299829865203, 0.7204558873521676
1, 2.6320982813827354, 0.7206705909717128
7, 2.6277353190933437, 0.7197581005886458
8, 2.6347575737747824, 0.7204558873521676
4, 2.630598234717228, 0.7198833443667138
0, 2.6188244483499314, 0.7198475604301229
6, 2.605857903623847, 0.7179152278542162
