who, energy-over-distance, energy-over-time
6, 2.625562679034238, 0.720143669560012
8, 2.633217046309597, 0.7201249625860521
5, 2.6294274210059374, 0.7207609997006884
0, 2.645032930845225, 0.7212286740496857
1, 2.6518691588785046, 0.7219021251122418
3, 2.6349021754001916, 0.7205365160131697
4, 2.644217593861332, 0.7219956599820413
7, 2.6382628947188165, 0.7205178090392098
9, 2.625460499386001, 0.7199191858724933
2, 2.6346298448287646, 0.721004190362167
