who, energy-over-distance, energy-over-time
9, 2.6335129161486392, 0.7205245951206607
4, 2.6283900351942586, 0.7197686943704291
2, 2.6381360619469025, 0.7210915206833343
8, 2.6433915211970076, 0.7211293157208458
6, 2.6229079137681657, 0.7196553092578944
1, 2.6525782497050456, 0.7222820643649489
5, 2.6524906341057304, 0.7225088345900184
7, 2.6508740288568258, 0.7221686792524141
3, 2.6390561206836898, 0.7206946727894628
0, 2.6473687859668584, 0.721563958652229
