who, energy-over-distance, energy-over-time
7, 2.6341539615096226, 0.7205462594219495
8, 2.616313071610776, 0.7187516023723657
1, 2.61832773422919, 0.7193498213888936
9, 2.6242518703241897, 0.7194523732202984
3, 2.6398923182871097, 0.7207171791409575
0, 2.6415070722243086, 0.7213837660450886
5, 2.636693346673337, 0.7207000871690566
4, 2.616265322630826, 0.718649050540961
2, 2.6379623255522873, 0.7204607995624455
6, 2.6261927034611787, 0.7197600287145128
