who, energy-over-distance, energy-over-time
2, 2.626280684865571, 0.7197316599770102
7, 2.6081755417321757, 0.7189967399702263
4, 2.629754453538758, 0.7204854240865322
6, 2.636557806256029, 0.7211072794768877
3, 2.6249570535284823, 0.7198635686961765
8, 2.637912012136257, 0.7208811502440311
1, 2.636965060988216, 0.7210695912714116
0, 2.6401517764746463, 0.7211449676823638
9, 2.634052229036037, 0.7203723594701038
5, 2.626486152154491, 0.7201839184427233
