who, energy-over-distance, energy-over-time
5, 2.6294595008421373, 0.7204497304553941
4, 2.6172047935272116, 0.7192331088876304
3, 2.632321373811714, 0.7202399681161245
8, 2.632329271096804, 0.7204077779875401
1, 2.6425826287471175, 0.7211629224089107
9, 2.6260517056753865, 0.7201770394143435
2, 2.6315144083384427, 0.7202399681161245
6, 2.642923076923077, 0.7207014452625176
0, 2.6159071826578124, 0.718876512910872
7, 2.6400921658986176, 0.7210370650053489
