who, energy-over-distance, energy-over-time
5, 2.6449752049387714, 0.7211843593918155
7, 2.64576802507837, 0.7219846022241232
2, 2.6491743491034345, 0.7215982780981816
3, 2.6255409077186274, 0.7199426032727172
8, 2.636620571313213, 0.7207980352658738
9, 2.6554417283700174, 0.7224261155109136
1, 2.6432328545417763, 0.7210739810701178
0, 2.6443882709807887, 0.7216810618394547
6, 2.633878127522195, 0.7204117111399321
4, 2.6392564905546014, 0.7209360081679959
