who, energy-over-distance, energy-over-time
1, 2.63641425389755, 0.720444286656185
0, 2.6507542367620585, 0.7218981927609001
3, 2.61528529267093, 0.7190918158611013
6, 2.6341568869672636, 0.7209852749742185
9, 2.624915201973481, 0.7195651806393806
5, 2.620676923076923, 0.7199540159929672
7, 2.6192733990147783, 0.7191256276309783
4, 2.629714215171903, 0.720258321921861
8, 2.6250539424203194, 0.7198694865682744
2, 2.6227334402368325, 0.7189227570117158
