who, energy-over-distance, energy-over-time
8, 2.6261396153590204, 0.719891276587982
3, 2.624509608351619, 0.7200189718705534
0, 2.624176263063303, 0.7191615892590025
4, 2.6210812964930925, 0.719891276587982
6, 2.655174726675163, 0.7221350651245941
9, 2.621885588997409, 0.7198730344047576
1, 2.6176060545708024, 0.7192710423583495
5, 2.650676671579794, 0.7217337370936554
7, 2.638681260010678, 0.7212594403298187
2, 2.6271626297577853, 0.7202196358860229
