who, energy-over-distance, energy-over-time
9, 2.623497391698798, 0.7193855339262392
6, 2.6243766057125586, 0.7200074631506934
4, 2.65604269919939, 0.7221427534879864
0, 2.646115250114034, 0.7215830171859776
1, 2.634564343671798, 0.7202355038663267
2, 2.6237436711252173, 0.7197794224350602
5, 2.6380880121396055, 0.720815971142484
8, 2.6251701709272424, 0.7195721126935755
3, 2.618616579920042, 0.7196757675643178
7, 2.621658359764386, 0.7196964985384663
