who, energy-over-distance, energy-over-time
0, 2.621370847051781, 0.7197715271927843
3, 2.6271745650869827, 0.7198537116558115
9, 2.629743512824359, 0.7204495490127591
4, 2.660288890569462, 0.7227507139775226
1, 2.6312429590687194, 0.7198331655400546
8, 2.6296879687968797, 0.7203262723182182
7, 2.6183029033223586, 0.7189291364467547
2, 2.6278215223097114, 0.7199769883503524
5, 2.6235955056179776, 0.7196277043824865
6, 2.6218097447795823, 0.7197304349612705
