who, energy-over-distance, energy-over-time
7, 2.6157532658266986, 0.7191737153058189
0, 2.6292300527786403, 0.7199175415480087
6, 2.620123839009288, 0.7194287414459982
5, 2.6470725812738753, 0.7215964636375228
8, 2.6500623635796696, 0.7224678029498024
1, 2.6314400993171945, 0.7207463765035916
2, 2.6507341455795066, 0.721298933140647
4, 2.64597629444791, 0.7211289157138606
9, 2.6437982380915255, 0.720703872146895
3, 2.6171331374671407, 0.7193862370893016
