who, energy-over-distance, energy-over-time
7, 2.636344374602726, 0.7209796422914977
9, 2.6119413456816107, 0.719048170896589
1, 2.6205441889896646, 0.7198980183103488
6, 2.634925120090421, 0.7204388303009233
5, 2.624189912651451, 0.7195310387453162
4, 2.6428621983155214, 0.7212307335728357
8, 2.6361644997173546, 0.7205740332985668
2, 2.628400281888654, 0.720380886159076
3, 2.620367114424362, 0.7196469270290107
0, 2.6348556504552834, 0.7209796422914977
