who, energy-over-distance, energy-over-time
0, 2.6295233058850194, 0.7198221486919657
6, 2.6358206698419897, 0.7210009306173095
4, 2.6229001883239174, 0.7200703133078276
5, 2.6296715741789356, 0.7202977975390342
1, 2.6123722188815393, 0.7187467686898976
9, 2.63975437798499, 0.7201116740771378
2, 2.6377184355851426, 0.7210836521559301
8, 2.6221351025331723, 0.7192637783062765
7, 2.6335652700045378, 0.7201116740771378
3, 2.630564583175875, 0.7197807879226553
