who, energy-over-distance, energy-over-time
1, 1.5470311027332706, 0.5148359575936265
4, 1.5555346385542168, 0.5183489116115677
5, 1.557134735645253, 0.515463270811116
8, 1.6452177293934682, 0.5308951759613575
6, 1.5364936042136945, 0.5123894360454174
0, 1.6121305775545682, 0.5235556113167305
7, 1.738042381432896, 0.5402421429019509
9, 1.7016145106637433, 0.5355372937707797
2, 1.6855670103092784, 0.5333416975095665
3, 1.5782170689982893, 0.5208581644815257
