who, energy-over-distance, energy-over-time
0, 1.4702217335532344, 0.5013434980941074
9, 1.6922771490966846, 0.5326501281009811
6, 1.6849852796859666, 0.5364619133912392
1, 1.7292828685258965, 0.5424607886021371
4, 1.4107363588204131, 0.4992188964569143
3, 1.428647497337593, 0.5029681934637256
2, 1.5763192736901834, 0.5207773542460788
8, 1.6509452348470084, 0.5293382490782979
7, 1.6401072591457575, 0.5350871711554084
5, 1.6724036769020145, 0.5343373117540461
