who, energy-over-distance, energy-over-time
7, 1.6337919007944197, 0.5275275275275275
2, 1.595060310166571, 0.5212087087087087
3, 1.5177909562638991, 0.5123873873873874
1, 1.7933496532027744, 0.5499874874874875
0, 1.7431726907630523, 0.5431056056056056
6, 1.433827469190927, 0.5022522522522522
9, 1.7837507635919365, 0.5480480480480481
8, 1.5726383138878435, 0.5228353353353353
5, 1.6607387140902872, 0.5316566566566566
4, 1.751407884151247, 0.5447947947947948
