who, energy-over-distance, energy-over-time
2, 1.5646437994722955, 0.5173875109061449
1, 1.5747539742619228, 0.518571606630936
0, 1.5778999241849887, 0.5188208899414184
3, 1.6822650412898152, 0.533217001121775
9, 1.642593671131819, 0.5272965224978188
5, 1.6501554001554002, 0.5294154306369189
8, 1.6574074074074074, 0.5243051227720305
7, 1.526121469448034, 0.5152062819394242
6, 1.621944177093359, 0.5251152935310981
4, 1.7302896218825423, 0.5361460800199427
