who, energy-over-distance, energy-over-time
4, 1.7113974231912785, 0.5415542871479646
1, 1.6571205922462497, 0.5335256852537164
9, 1.43942908117752, 0.5060528131468356
2, 1.5513157894736842, 0.5176566518221163
3, 1.6260271354863367, 0.5337138556106128
0, 1.3295434969853575, 0.4840996048422505
8, 1.6272797826930538, 0.5260615944301574
5, 1.6294367283950617, 0.5298250015680863
6, 1.4506306306306307, 0.5049865144577558
7, 1.7051665669259923, 0.5361600702502666
