who, energy-over-distance, energy-over-time
6, 1.4429530201342282, 0.5014182161991806
1, 1.7482333939026853, 0.5457926252757642
3, 1.6331257298559752, 0.5289000945477466
4, 1.7013194722111156, 0.536400882445635
2, 1.5544461190655614, 0.5200756381972896
9, 1.5672325004768262, 0.51793255594075
0, 1.7381289149323096, 0.5421998109045068
7, 1.7170643673551234, 0.5397415694925938
8, 1.7259169689641274, 0.5398046013236685
5, 1.709838355617641, 0.5400567286479673
