who, energy-over-distance, energy-over-time
8, 1.6098215998465375, 0.5209510211682911
9, 1.4955654101995566, 0.502452045440437
3, 1.5073406430031593, 0.5035073561363214
0, 1.6144855336271315, 0.5230616425600596
2, 1.5934338614239358, 0.5182196287789435
4, 1.6496492595479346, 0.5255447265503755
1, 1.4305954088952655, 0.4951890247687628
7, 1.564406779661017, 0.5156744676888696
6, 1.6383598911776136, 0.5233720280588491
5, 1.56695751138088, 0.5128189211000062
