who, energy-over-distance, energy-over-time
8, 1.4769742925836877, 0.5016331658291457
2, 1.5507026205848842, 0.5129396984924623
9, 1.5598168288494563, 0.5135050251256281
4, 1.4342057433660487, 0.49566582914572865
1, 1.4941547596956763, 0.5057788944723618
3, 1.563452743902439, 0.5153894472361809
6, 1.443123628383321, 0.49566582914572865
5, 1.5073324670503063, 0.5100502512562815
7, 1.5036441786581947, 0.5054020100502512
0, 1.4820103857566767, 0.5019472361809045
