who, energy-over-distance, energy-over-time
2, 1.540018921475875, 0.5104741595584545
6, 1.5145197319434103, 0.5102860010035123
0, 1.4326471650415313, 0.4976166583040642
5, 1.495498805805622, 0.5105368790767687
9, 1.4919578480310594, 0.5061465127947817
4, 1.5565019875070982, 0.515742599096839
1, 1.634375, 0.5248369292523833
8, 1.5920951650038373, 0.5204465629703964
3, 1.5178138407013617, 0.5103487205218263
7, 1.520825515947467, 0.5084044154540893
