who, energy-over-distance, energy-over-time
4, 1.475481293134762, 0.5088950137810073
6, 1.6965626234689846, 0.5379604109245804
8, 1.540093896713615, 0.5137183663242295
7, 1.671618451915559, 0.5357053370082686
2, 1.6205571565802113, 0.5283763467802556
5, 1.6425111412516955, 0.5310072663492859
9, 1.6400465206435355, 0.5300050112753696
3, 1.661353032659409, 0.53532949135555
0, 1.6908910891089108, 0.5348910047607116
1, 1.6381948479566144, 0.5298170884490103
