who, energy-over-distance, energy-over-time
3, 1.5850378787878787, 0.5260213702074167
8, 1.5501217912685028, 0.5199874292897548
6, 1.6464744838332683, 0.5313010685103708
2, 1.671585989767808, 0.5339409176618479
1, 1.699203187250996, 0.5361407919547454
7, 1.5674603174603174, 0.521370207416719
4, 1.5396648044692738, 0.5196731615336266
0, 1.6701334379905808, 0.5349465744814582
5, 1.6550916894264533, 0.5332495285983658
9, 1.6929304897314377, 0.5388434946574482
