who, energy-over-distance, energy-over-time
6, 1.627992277992278, 0.5276891308428759
9, 1.6960474308300395, 0.5370127025843189
0, 1.5736991485335856, 0.5204305112320881
4, 1.5831910453424398, 0.5221825918277955
5, 1.6763542902332937, 0.5305675489643952
2, 1.6035967093935335, 0.5244978411864089
8, 1.7084501401682017, 0.5338839872348414
1, 1.6970839119222376, 0.535323196295601
7, 1.5675165250236072, 0.5193667480132658
3, 1.6639811357830616, 0.5298792315875102
