who, energy-over-distance, energy-over-time
9, 1.557422969187675, 0.5207292707292708
8, 1.6655583805984744, 0.5317182817182817
5, 1.5853565283884534, 0.5177947052947053
3, 1.5863050075872533, 0.5221653346653347
7, 1.6548084440969508, 0.5285964035964036
4, 1.7212133306725204, 0.5385239760239761
0, 1.5891238670694865, 0.5254745254745254
2, 1.596044123240776, 0.5239760239760239
1, 1.680943025540275, 0.5342157842157842
6, 1.6024952015355087, 0.5212912087912088
