who, energy-over-distance, energy-over-time
0, 1.5801246791345802, 0.5308611555993594
5, 1.6443694959715196, 0.5405938154490575
3, 1.566860465116279, 0.531230750277196
4, 1.4625994694960212, 0.5094862633978071
1, 1.4790005316321106, 0.5141061968707651
9, 1.5953565505804312, 0.5333251201182703
7, 1.4937899219304471, 0.5186029321177775
8, 1.5328994938539406, 0.5223604780091167
2, 1.5230851825340015, 0.5242700505112726
6, 1.338906537368333, 0.4932856966859677
