who, energy-over-distance, energy-over-time
7, 1.4630370499217256, 0.5153799019607843
8, 1.7981202271392207, 0.5626838235294118
1, 1.7506215337540638, 0.560906862745098
4, 1.6770794128716597, 0.546078431372549
6, 1.737583254043768, 0.5594975490196078
2, 1.5909670369695865, 0.5352941176470588
9, 1.6505087881591118, 0.5466299019607843
3, 1.4189877717391304, 0.5119485294117647
5, 1.3596198732910971, 0.4996936274509804
0, 1.5194226657163221, 0.5224877450980392
