who, energy-over-distance, energy-over-time
1, 1.709062920915913, 0.5476293236327764
5, 1.6459697026369926, 0.5426351809606018
0, 1.4536908077994428, 0.5148282878105925
7, 1.4535974973931178, 0.5156914729638079
3, 1.433107756376887, 0.5092175843146927
4, 1.5237586759209825, 0.5278993772735681
8, 1.7386385800663156, 0.5496023182686972
9, 1.4557775847089487, 0.5165546581170233
6, 1.752780487804878, 0.5538565879524016
2, 1.3925598776966197, 0.5054565632899686
