who, energy-over-distance, energy-over-time
0, 1.3347818819989972, 0.49341983317886934
5, 1.5159718462371412, 0.5189990732159406
9, 1.3631756756756757, 0.4986098239110287
4, 1.2348399549622004, 0.47432808155699724
6, 1.493950177935943, 0.5187519308001236
8, 1.3869158878504673, 0.5042940994748224
1, 1.6196056547619047, 0.5379672536299043
2, 1.6608021188043889, 0.5424158171146123
3, 1.4510250569476082, 0.5116465863453815
7, 1.6652751423149905, 0.5422304603027495
