who, energy-over-distance, energy-over-time
6, 1.7372164552095348, 0.5575985685197754
2, 1.509765625, 0.5246498426605788
3, 1.5603401483625836, 0.5321157524526439
9, 1.7598371777476256, 0.5601900413401617
4, 1.8145642658177477, 0.5627198124267292
8, 1.577716894977169, 0.532979576726106
5, 1.5288166214995482, 0.5221200715740112
0, 1.4537375849451124, 0.5147775652495835
7, 1.9139411283728536, 0.5777133337446783
1, 1.4710526315789474, 0.5173690380699698
