who, energy-over-distance, energy-over-time
9, 1.232942687429764, 0.47381084582639277
6, 1.5250769509324642, 0.5196495773952742
1, 1.2850567154364623, 0.4822629403417854
2, 1.6089229046107896, 0.5317416250231353
7, 1.392875492378832, 0.5017582824356839
4, 1.49964298464834, 0.5182923067431674
5, 1.4488339714584058, 0.5136035535813437
3, 1.3166694532686842, 0.4858411993337035
8, 1.459915611814346, 0.5123079770497871
0, 1.3291499330655958, 0.4900363995311247
