who, energy-over-distance, energy-over-time
8, 2.643178964473004, 0.7219577146546159
9, 2.6295395948434623, 0.7201420271142672
1, 2.620360161705255, 0.7192140090380891
5, 2.6213535160555517, 0.719698192382182
0, 2.6184394039492034, 0.7196376694641704
7, 2.636330085621494, 0.7205656875403487
6, 2.63386930225697, 0.7204244673983214
3, 2.6183794901931976, 0.7190929632020658
2, 2.638827351942106, 0.7209288250484184
4, 2.644087850329069, 0.7213524854744997
