who, energy-over-distance, energy-over-time
5, 2.6270448746810744, 0.7202402995514957
4, 2.6153673499925185, 0.7191910463728758
6, 2.639349201566737, 0.7208986544871003
2, 2.629309697288365, 0.7201580051845451
1, 2.6402498682923157, 0.7217421717483439
0, 2.631938706527454, 0.7208780808953628
7, 2.632113057205142, 0.7203843146936593
3, 2.64611320754717, 0.7213306999135909
9, 2.639457831325301, 0.7211455375879521
8, 2.6136465659135117, 0.71871785376291
