who, energy-over-distance, energy-over-time
3, 2.6491602828520917, 0.7217249959865147
5, 2.6361500624036416, 0.720561085246428
1, 2.6325707581756856, 0.7204808155402151
8, 2.645417740154582, 0.7211831754695778
2, 2.625850838029715, 0.7199590624498314
4, 2.634169600938967, 0.7206012200995344
7, 2.609167759801778, 0.7184740728848933
0, 2.6165753924790067, 0.719096163108043
6, 2.6137639425530366, 0.7194774442125542
9, 2.6322504949769012, 0.7203403435543426
