who, energy-over-distance, energy-over-time
1, 2.6318972597625625, 0.7205584742124737
4, 2.640017965416573, 0.7209468713587768
9, 2.6324518153294485, 0.7203336127067193
0, 2.6458770614692653, 0.7215192461006971
6, 2.639826386290504, 0.7211104069993254
7, 2.636982204276955, 0.7209264294037082
8, 2.6120478348065066, 0.7188617919417813
2, 2.625447227191413, 0.7200269833806905
3, 2.6267054350257215, 0.7202109609763078
5, 2.6232585860090887, 0.7198021218749361
