who, energy-over-distance, energy-over-time
9, 2.6392079806529627, 0.7209926500949707
2, 2.6424572552579817, 0.7211165248988356
0, 2.636308760280691, 0.7213436287059212
8, 2.6191191943484142, 0.719506152448592
7, 2.6382592928377155, 0.7209513584936824
5, 2.6398609326581512, 0.7211165248988356
1, 2.633743303403003, 0.7206416714840201
6, 2.6275352484354975, 0.7194855066479479
3, 2.624774096385542, 0.719650673053101
4, 2.650701023114816, 0.7221075233297547
