who, energy-over-distance, energy-over-time
5, 2.6175945337370914, 0.7187753187497334
9, 2.649424837624227, 0.7218668713487698
7, 2.649382136712029, 0.7222506502920985
0, 2.6209038670601026, 0.7196281608460193
3, 2.6446145434663753, 0.7219095134535841
8, 2.6355060034305318, 0.7207155345187839
6, 2.6247281764523143, 0.7205662871519338
1, 2.6489910839981228, 0.7221440450300627
4, 2.6349750623441395, 0.7209074239904482
2, 2.6237854644383987, 0.7196921240032408
