who, energy-over-distance, energy-over-time
9, 1.3798224650051212, 0.5002785170514328
5, 1.1651390644753477, 0.45633471560314415
0, 1.1653666146645867, 0.4623383053784737
3, 1.7954454654414702, 0.5562913907284768
4, 1.432601880877743, 0.5091291700191868
2, 1.6491958372753075, 0.5394565822863155
6, 1.4679532577903682, 0.5131521940954386
8, 1.551768137076194, 0.5268923686327908
1, 1.83356783919598, 0.5645850095933651
7, 1.5878440790689081, 0.5319675682366776
