who, energy-over-distance, energy-over-time
1, 1.4852579852579852, 0.5151256923732425
3, 1.4769203971433549, 0.5160995800109562
9, 1.5714800793221562, 0.530586158621949
2, 1.8133961893537616, 0.5619331669608619
8, 1.2444162838587043, 0.4781788301174752
6, 1.9347338364266775, 0.5773936332095685
0, 1.4315573068357033, 0.5086128187960314
5, 1.7651471436814772, 0.5585854282062207
4, 1.8284362058765529, 0.5643678860551464
7, 1.7919502236048999, 0.560959279323148
