who, energy-over-distance, energy-over-time
7, 1.4497907949790796, 0.5127003699136868
8, 1.5017009847806624, 0.5170776818742293
4, 1.8129823867009698, 0.5647965474722565
5, 1.7041306436119117, 0.5468557336621455
6, 1.2323086775536343, 0.47453760789149196
2, 1.8751017087062654, 0.5683107274969174
9, 1.4074519230769231, 0.5053637484586929
3, 1.3502948609941028, 0.4940813810110974
1, 1.9018961253091509, 0.5689272503082614
0, 1.4449877750611246, 0.5101109741060419
