who, energy-over-distance, energy-over-time
5, 1.2691121571173511, 0.4822673163510763
9, 1.903476482617587, 0.574107197927589
6, 1.449365989230502, 0.5146487386665022
3, 1.2755686467026672, 0.48078702275951396
0, 1.9008990600735594, 0.5737988034293469
4, 1.7274657402045936, 0.5520261518534509
8, 1.3872448979591836, 0.5031147844322458
1, 1.6168432794199665, 0.5364213902423981
2, 1.6869996187571483, 0.5458582618886079
7, 1.831532613045218, 0.5646086473817307
