who, energy-over-distance, energy-over-time
2, 1.4275337253545486, 0.5101675010816491
0, 1.61917195076464, 0.5366215464491007
3, 1.5473722494999091, 0.5259286729711354
4, 1.6479245283018868, 0.5398355893442116
7, 1.1984392419175027, 0.46510909203288214
8, 1.637017411052233, 0.5346436738982632
9, 1.4611462728551337, 0.5136905865628284
1, 1.4548335974643423, 0.5106619692193585
6, 1.3842869342442357, 0.5009580320168119
5, 1.1698853823206155, 0.4605352617590704
