who, energy-over-distance, energy-over-time
9, 2.6271693596648715, 0.719672131147541
2, 2.6298537234042554, 0.720455373406193
4, 2.6494114499732477, 0.7215664845173042
8, 2.617467885048338, 0.7200182149362477
3, 2.624643165372104, 0.7201275045537341
7, 2.6369812828881636, 0.7211111111111111
0, 2.632118147951038, 0.7206921675774135
6, 2.649929798756435, 0.7219489981785063
5, 2.631652474720596, 0.7205646630236794
1, 2.6281233386496545, 0.7203642987249544
