who, energy-over-distance, energy-over-time
2, 2.618759347624813, 0.7189644721662789
8, 2.620807519760735, 0.7196292747785621
5, 2.623716486023959, 0.7194532976164871
3, 2.6294050506491655, 0.7207046907690202
7, 2.6159533627186122, 0.7194728506344954
0, 2.6367017092183365, 0.7209002209491034
1, 2.655117883841288, 0.7222493791916782
4, 2.6209941603760147, 0.7196292747785621
9, 2.637007874015748, 0.7203136304088537
6, 2.6321469411092053, 0.7201181002287703
