who, energy-over-distance, energy-over-time
1, 2.6330211316665375, 0.7204490098485651
4, 2.624662396789876, 0.7203854707190511
0, 2.6302280633938926, 0.7205760881075929
8, 2.6479813664596272, 0.7223551837339829
2, 2.610833269215973, 0.7186910939320131
7, 2.6134789967687335, 0.7194747431960182
3, 2.6401582744976335, 0.7207243460764587
6, 2.6299273458030608, 0.7206608069469448
5, 2.6365396530359355, 0.7210208620141904
9, 2.6260520423133347, 0.7203219315895373
