who, energy-over-distance, energy-over-time
4, 2.6365472361433167, 0.7203024420149178
1, 2.662326911499097, 0.7229385920098089
2, 2.6398473168176033, 0.7207724532543169
6, 2.6288890546892487, 0.7200367834883008
8, 2.6289997762362947, 0.7202820067436395
0, 2.626481771415791, 0.7199141718606314
7, 2.627348643006263, 0.7200980893021355
9, 2.6323803836679853, 0.7206702768979258
5, 2.6260811213838355, 0.7197506896904057
3, 2.653268219383922, 0.721671605190559
