who, energy-over-distance, energy-over-time
8, 2.6290895353230073, 0.7196988500041367
5, 2.627680459075808, 0.7198022668983205
3, 2.6313364055299537, 0.7204227682634236
4, 2.631777962640853, 0.7197815835194837
9, 2.6134175691937425, 0.7187060478199718
7, 2.6357380520266185, 0.7209191693555059
6, 2.63486543695192, 0.7208984859766692
1, 2.6239734799969865, 0.7203607181269132
0, 2.6359645803375464, 0.72038140150575
2, 2.6342809617420233, 0.7206296020517912
