who, energy-over-distance, energy-over-time
0, 2.6333659564857337, 0.7202808722690114
3, 2.625817116237133, 0.7196219343944978
7, 2.625694548731041, 0.7200749541832259
6, 2.6376582278481013, 0.7208574429092107
2, 2.6318796992481204, 0.7207956674834751
1, 2.647201027423132, 0.7215575644008814
9, 2.647129909365559, 0.7217017070609312
8, 2.6349600843500527, 0.7204456067376398
5, 2.623198198198198, 0.7194983835430265
4, 2.6139956544541842, 0.7184276094969421
