who, energy-over-distance, energy-over-time
1, 2.639585991776549, 0.7209185254027262
8, 2.6245324299527137, 0.7200085192069393
3, 2.634060022650057, 0.7205312887236679
6, 2.6335078534031413, 0.7206861833952912
5, 2.639730878186969, 0.7216736369268897
7, 2.6303548706348083, 0.7204344795539034
0, 2.6181523729052247, 0.7199310718711276
2, 2.629566815066073, 0.7204732032218092
9, 2.6358614828978117, 0.7206668215613383
4, 2.6325953172525995, 0.7205893742255266
