who, energy-over-distance, energy-over-time
0, 1.443845022069642, 0.4983917386152023
1, 1.6881663113006398, 0.5361435584899272
3, 1.6879957694341619, 0.5403758252920264
7, 1.6744309158284807, 0.5354663958015913
2, 1.6482359136387572, 0.5298798036228204
4, 1.6470896696381752, 0.531742001015744
9, 1.3705463182897861, 0.48840358896224817
5, 1.6512605042016806, 0.5322498730319959
8, 1.7842484747642817, 0.5446080920941256
6, 1.3481101259916006, 0.48908075165058407
