who, energy-over-distance, energy-over-time
4, 1.5789748953974896, 0.5202481475099087
6, 1.6055143160127254, 0.5217990694468378
5, 1.7355418304323413, 0.532655523005342
0, 1.717805151175812, 0.5286920558331897
8, 1.3249286393910562, 0.4799241771497501
7, 1.5239567233384854, 0.509736343270722
9, 1.5837751855779427, 0.5147337584008271
1, 1.5063484002031489, 0.5111149405479924
2, 1.3432979749276759, 0.48009650180940894
3, 1.47460236018471, 0.49526107185938306
