who, energy-over-distance, energy-over-time
6, 1.5527821112844513, 0.5118272197463147
2, 1.604308985811876, 0.5233116215289682
3, 1.4386839481555334, 0.49468632156324993
0, 1.604090194022024, 0.524340075419952
5, 1.5438863521055302, 0.5215975317106616
9, 1.7033805888767721, 0.5354816592389441
1, 1.6415392725355824, 0.5337675694206376
7, 1.8339898705683737, 0.5586218717860816
4, 1.3089201877934273, 0.47788824134384644
8, 1.7592900721020521, 0.5437092903668153
