who, energy-over-distance, energy-over-time
1, 1.5441551812149055, 0.5152444217339465
5, 1.6995731056563501, 0.542497019247147
7, 1.8674285714285714, 0.5566343042071198
8, 1.8281075027995521, 0.5561233180037473
2, 1.8017817371937639, 0.5511837847044796
9, 1.6153846153846154, 0.5329586101175269
0, 1.7395323545405112, 0.544881621529552
3, 1.7619825708061003, 0.5510134559700222
4, 1.5913811007268952, 0.5220575711122466
6, 1.9379710144927536, 0.5694089592914324
