who, energy-over-distance, energy-over-time
8, 1.6295180722891567, 0.5239709443099274
3, 1.5164251207729469, 0.5066989507667474
2, 1.5763377515954835, 0.5183212267958031
9, 1.4892806098141973, 0.5046004842615012
0, 1.5427308447937131, 0.5070217917675545
5, 1.3850441244774734, 0.48135593220338985
1, 1.5913555992141455, 0.5230024213075061
4, 1.638804457953394, 0.5221953188054883
7, 1.7211093990755009, 0.5409200968523002
6, 1.6390562248995983, 0.5270379338175948
