who, energy-over-distance, energy-over-time
8, 1.6876344086021506, 0.5341160456014974
9, 1.796900940785833, 0.5524927684192615
4, 1.878787878787879, 0.5591288072145653
6, 1.4655593551538837, 0.5104645227156712
7, 1.7145945945945946, 0.5397311553513697
5, 1.5845360824742267, 0.5230559809426578
2, 1.4678132678132678, 0.5082525097839034
3, 1.4698914116485686, 0.5067211162157563
0, 1.709572742022715, 0.5378594521014123
1, 1.450363196125908, 0.5096137485111452
