who, energy-over-distance, energy-over-time
7, 2.643853211009174, 0.7220023049556547
5, 2.6372468151406836, 0.7209249887257604
8, 2.6291651409740022, 0.7195720799719396
2, 2.634182084630885, 0.720549180738588
3, 2.6106154406409323, 0.7184196021446109
1, 2.6215426745778183, 0.7195219722403167
6, 2.626805631742549, 0.7198476724958661
4, 2.6180574555403555, 0.7192213258505787
9, 2.6117432862994994, 0.7187954101317834
0, 2.6068702290076335, 0.7186951946685374
