who, energy-over-distance, energy-over-time
4, 2.623014816786443, 0.7197740663193261
9, 2.6223385379701916, 0.7196523348103423
0, 2.631452474190103, 0.7198471052247164
3, 2.6460879650281024, 0.7221113112918148
1, 2.6291455499244245, 0.7199201441301066
6, 2.6256214488636362, 0.7200418756390904
5, 2.642194469223907, 0.7211131129181477
8, 2.6210078069552876, 0.7192871402833909
2, 2.624089536329721, 0.7192384476797974
7, 2.6447203859210293, 0.7207722646929932
