who, energy-over-distance, energy-over-time
9, 2.6525283684036576, 0.7225123034449646
8, 2.6429906542056076, 0.7213419757532109
2, 2.6187089715536107, 0.7182511103108871
7, 2.6258890469416785, 0.7201416396591046
6, 2.645906690140845, 0.7215820429720322
3, 2.627708470124754, 0.7205617572920417
1, 2.6126076998582177, 0.7188512783579403
0, 2.641735310269083, 0.7217921017885007
4, 2.6432889963724304, 0.7215820429720322
5, 2.6314461268378317, 0.7196915136238147
