who, energy-over-distance, energy-over-time
6, 2.6578402978899462, 0.7225690343625218
1, 2.6633171034911425, 0.7229345931049997
5, 2.5977818477818477, 0.7179292503233788
9, 2.6304280874653525, 0.7205162814239919
8, 2.6309083436087137, 0.7199820032619088
7, 2.65523652137988, 0.7229064732017322
4, 2.642658423493045, 0.7211911591024127
2, 2.638731596828992, 0.7207131207468647
0, 2.634607480476778, 0.72099431977954
3, 2.6340911428865343, 0.7200382430684439
