who, energy-over-distance, energy-over-time
0, 2.6318587621627043, 0.7198672044338355
1, 2.6462188254223653, 0.7219798611682717
6, 2.6372116349047143, 0.7214036820588801
2, 2.6229245849169835, 0.7195105221280215
7, 2.649168765743073, 0.7214036820588801
3, 2.649280032222334, 0.7218701127664828
4, 2.629395852119026, 0.720059264136966
9, 2.637020678578599, 0.7207726287485938
8, 2.653919886994249, 0.7216780530633523
5, 2.6345401664828003, 0.7207451916481467
