who, energy-over-distance, energy-over-time
0, 1.576589861751152, 0.5284196218954652
2, 1.4883638301652158, 0.5176078092178426
6, 1.2679611650485436, 0.48412208081057706
7, 1.4625706214689265, 0.511800321265291
1, 1.456112576956904, 0.5114296305449153
5, 1.6176801801801801, 0.5324972198195972
3, 1.3391773432231961, 0.49079451377733846
9, 1.5724303377006827, 0.5264426047201285
8, 1.3002301874383426, 0.48857036945508464
4, 1.583963133640553, 0.5308908933646361
