who, energy-over-distance, energy-over-time
9, 1.6371664787673808, 0.5407770605759682
2, 1.527488321954725, 0.5276812313803376
6, 1.5696781272860278, 0.5327085402184707
8, 1.8719351570415401, 0.5733614697120158
3, 1.8029517351416036, 0.5610724925521351
1, 1.3581294724579798, 0.5065168818272096
7, 1.7852870813397128, 0.5557969215491559
4, 1.5328663793103448, 0.5297293942403177
5, 1.4509427374301676, 0.5158267130089375
0, 1.5803506208911615, 0.5371151936444886
