who, energy-over-distance, energy-over-time
4, 1.6443435489973515, 0.5392394069110987
5, 1.7028228924980666, 0.5463738445312984
0, 1.3031002638522426, 0.49022892238972643
8, 1.5165052027269466, 0.5244121843786835
1, 1.4403717993686427, 0.5095229232582666
3, 1.6894217752852447, 0.5419691047831752
9, 1.3366220735785954, 0.4958744338978845
6, 1.4580542826929856, 0.5132452385383709
2, 1.6233521657250471, 0.5347726285749737
7, 1.4456103532703743, 0.5128109684223587
