who, energy-over-distance, energy-over-time
0, 1.5732000740329446, 0.5289359054138145
3, 1.4300943725969941, 0.5092097075295582
8, 1.5223173619967207, 0.5199751088985688
7, 1.3638373873107672, 0.4989421281891724
9, 1.5912913474116988, 0.529869321717486
5, 1.3004142502071252, 0.48836341008089607
1, 1.57, 0.5275668948350964
4, 1.1966745843230404, 0.4702551337896702
2, 1.6406339507351537, 0.5346608587429994
6, 1.3792808219178083, 0.501244555071562
