who, energy-over-distance, energy-over-time
2, 1.368295589988081, 0.4995648389904265
7, 1.3009305417082087, 0.4866965062787517
4, 1.6610332245054733, 0.5376725102573666
5, 1.3957402954311233, 0.505159766256372
0, 1.5385322788302374, 0.520017406440383
9, 1.405892547660312, 0.5042894442372249
8, 1.5512867647058823, 0.5246176799701604
3, 1.4982020855807263, 0.5180280989680468
1, 1.1684537684537684, 0.4674250901404948
6, 1.360387953037264, 0.4970160387914957
