who, energy-over-distance, energy-over-time
4, 1.6592168099331424, 0.5388671753830883
8, 1.3988259668508287, 0.5026366399900738
9, 1.5080964375674704, 0.5200074446305603
6, 1.5494767762070865, 0.5236056827346609
3, 1.607478391582112, 0.5307401203548607
7, 1.4102475928473177, 0.5088404987902475
0, 1.5432884685340125, 0.5263974191947391
5, 1.6171772223266303, 0.5338420497549475
2, 1.2727125767862917, 0.48842980333767605
1, 1.382187340044361, 0.5025746014020721
