who, energy-over-distance, energy-over-time
2, 1.794709830240821, 0.5643699565487275
0, 1.6252322556670382, 0.5429546865301055
8, 1.3831365935919055, 0.5091247672253258
9, 1.780473372781065, 0.5603351955307263
6, 1.7357502908103917, 0.5557417752948479
4, 1.773109243697479, 0.5631905648665425
5, 1.7523584905660377, 0.5534450651769087
1, 1.6081055958356572, 0.5369335816263191
7, 1.6327524826681656, 0.5409062693978895
3, 1.4932552360667377, 0.5222222222222223
