who, energy-over-distance, energy-over-time
2, 1.9232848232848232, 0.5734920339718554
5, 1.2539964476021315, 0.48143326514165274
9, 1.5046230440967283, 0.5245800012398487
0, 1.56791483113069, 0.5295393961936644
7, 1.955145671766925, 0.578265451614903
8, 1.3732106339468302, 0.4995350567230798
6, 1.9611181168558218, 0.578451428925671
3, 1.381691101261507, 0.5024487012584464
4, 1.8192, 0.5638832062488376
1, 1.797737197300516, 0.5614655012088525
