who, energy-over-distance, energy-over-time
4, 1.6433383233532934, 0.5419315026226473
3, 1.3942719945120905, 0.5016970070965752
5, 1.397775876817793, 0.5041653810552299
2, 1.9848037146475306, 0.5803147176797285
1, 1.7492728330424665, 0.5566800370256094
7, 1.2827855515782622, 0.4865165072508485
0, 1.2456112095345466, 0.47726010490589327
9, 1.7502901353965183, 0.5584078987966677
6, 1.7294732765298217, 0.5511261956186362
8, 1.2168578712555769, 0.4712742980561555
