who, energy-over-distance, energy-over-time
4, 1.7990421073637997, 0.5618572764100966
9, 1.3251256281407036, 0.4930507946400748
7, 1.277612433862434, 0.4815830476784045
6, 1.8459963137415523, 0.5617949516983484
0, 1.7510813999213528, 0.5550638828295419
5, 1.7774040364068064, 0.559862885634154
2, 1.3102933863749378, 0.49267684636958553
3, 1.4336360461054838, 0.5116235587410408
1, 1.8081861958266452, 0.5616703022748519
8, 1.7433333333333334, 0.5541290121533188
