who, energy-over-distance, energy-over-time
2, 1.406697738650095, 0.5042385990965905
6, 1.2390251775338927, 0.475032485613514
3, 1.6953349971203686, 0.5464389579852732
8, 1.1466293880086984, 0.4567786646865912
9, 1.2561074259828506, 0.4804158158529794
7, 1.7372831806665368, 0.5515747787884413
5, 1.328778536910515, 0.4934100612585855
1, 1.8479365724740802, 0.5624651939855208
4, 1.7840931517663312, 0.559371326031805
0, 1.384232222603916, 0.4986696367799022
