who, energy-over-distance, energy-over-time
9, 1.102489689934321, 0.44757239412165933
4, 1.6539779215835553, 0.5388478948347492
6, 1.4808374733853797, 0.5175172071681032
3, 1.5738095238095238, 0.5328331369752589
0, 1.6482784858284192, 0.5372976995101383
7, 1.3899845652546734, 0.5025733242388541
2, 1.384313055365687, 0.5023252929869163
8, 1.454449710373881, 0.513796738389037
5, 1.321900619039652, 0.4899237303900291
1, 1.5399638336347197, 0.5280585353754573
