who, energy-over-distance, energy-over-time
2, 1.825765153030606, 0.5645799826796981
1, 1.2322570332480818, 0.4768650253618706
5, 1.6116360941263665, 0.5380428058889026
0, 1.8913132137030995, 0.5737349993814178
4, 1.6957682043461686, 0.5502907336385006
6, 1.7879684418145956, 0.5607447729803291
3, 1.4334253190755433, 0.5141036743783248
7, 1.7500490484598783, 0.5517753309414821
9, 1.492184724689165, 0.5196709142645057
8, 1.5299673083908463, 0.5210936533465298
