who, energy-over-distance, energy-over-time
3, 1.8198558847077662, 0.5616853030209428
1, 1.827752155604572, 0.5631061963303886
6, 1.6803869499241275, 0.5472910360165565
7, 1.3776306856754923, 0.5014517822944338
0, 1.4072995202193284, 0.5073824674121208
2, 1.563506588579795, 0.5277691975041701
5, 1.2151655735082387, 0.4692654599369865
9, 1.3043119114488684, 0.4877370729597825
8, 1.6011432786280657, 0.5364181133007969
4, 1.523852547885797, 0.5209736208068203
