who, energy-over-distance, energy-over-time
2, 1.6288866599799399, 0.5201793721973094
9, 1.5236276849642005, 0.5112107623318386
6, 1.471415182755389, 0.5028827674567585
0, 1.515298688683827, 0.4996796925048046
5, 1.5629268292682927, 0.5131326073030109
3, 1.5208833413346134, 0.507367072389494
4, 1.6251866600298657, 0.5229019859064702
7, 1.6077650572424091, 0.517296604740551
1, 1.588235294117647, 0.5145739910313901
8, 1.585389930898322, 0.5144138372837924
