who, energy-over-distance, energy-over-time
1, 1.627092050209205, 0.5329792701730341
4, 1.4705588822355289, 0.5048826451944493
3, 1.5626927029804727, 0.5209868082919308
6, 1.635306553911205, 0.5300668151447662
9, 1.5475578406169666, 0.5156758608874422
2, 1.4405525407005426, 0.5002569813260237
0, 1.4235637779941577, 0.5009422648620867
8, 1.4638465322183964, 0.5098509508309063
7, 1.8472850678733033, 0.5595340071954771
5, 1.4561576354679804, 0.5064245331505911
