who, energy-over-distance, energy-over-time
1, 1.657498702646601, 0.534739661811485
6, 1.5338308457711443, 0.5161560354930521
5, 1.6888075313807531, 0.5405993638037837
0, 2.1282660332541568, 0.6000334840113846
8, 1.611338100102145, 0.528210279591495
9, 2.062646370023419, 0.5898208605390926
4, 1.6126218573627502, 0.5262012389084212
2, 1.841616602949208, 0.5645404319437468
3, 1.8105606967882417, 0.5568391093252971
7, 1.7404255319148936, 0.5477984262514649
