who, energy-over-distance, energy-over-time
6, 1.5487679671457906, 0.5154621561592346
9, 1.5077772202709483, 0.5134119255082864
5, 1.5129113924050632, 0.5105074320861097
7, 1.5311244979919678, 0.5211002904493423
8, 1.828793774319066, 0.5621049034683069
4, 1.5980239209568383, 0.5250298991969929
2, 1.836608646827625, 0.5588587049376388
0, 1.5336414997431946, 0.5101657269776183
1, 1.3790754257907543, 0.4841961387322741
3, 1.508789552988448, 0.5132410729540406
