who, energy-over-distance, energy-over-time
0, 1.483366935483871, 0.5013628620102215
7, 1.5412608918503332, 0.5122657580919932
8, 1.4663654618473896, 0.4976149914821124
6, 1.3984488608822103, 0.49148211243611584
4, 1.4450025113008538, 0.4901192504258944
9, 1.6565285789197692, 0.5381601362862011
2, 1.5841219768664563, 0.5132879045996593
1, 1.593717277486911, 0.5185689948892674
5, 1.4859154929577465, 0.503236797274276
3, 1.701716738197425, 0.540374787052811
