who, energy-over-distance, energy-over-time
3, 2.0835308056872037, 0.5858737298017658
6, 1.502997002997003, 0.5012493753123438
8, 1.554047259929613, 0.5149092120606363
1, 1.4866732477788747, 0.5017491254372813
9, 1.5795053003533568, 0.5212393803098451
7, 1.4686131386861314, 0.5027486256871564
4, 1.6219262295081966, 0.5274029651840746
5, 1.570040899795501, 0.5115775445610528
2, 1.6505208333333334, 0.5279027153090121
0, 1.4375600384245917, 0.498584041312677
