who, energy-over-distance, energy-over-time
3, 1.6627408993576016, 0.5258168274928051
6, 1.7238805970149254, 0.547486033519553
1, 1.53873417721519, 0.5144743524631793
5, 1.658141962421712, 0.5378364652107669
4, 1.5780933062880325, 0.5268325715253089
9, 1.6245430809399477, 0.526663280853225
2, 1.6060450819672132, 0.5307262569832403
8, 1.7016042780748664, 0.5386829185711868
0, 2.0250145433391507, 0.5893008295242932
7, 1.536024527337762, 0.5088877602844083
