who, energy-over-distance, energy-over-time
2, 2.6443274293920536, 0.7215256008359456
7, 2.6449018669219724, 0.7216823406478579
8, 2.647380017243031, 0.7219435736677116
5, 2.6219686162624822, 0.7202194357366771
3, 2.6334733626121825, 0.7205590386624869
4, 2.6327387198321093, 0.7209770114942529
9, 2.6509687320161137, 0.7220219435736677
6, 2.6125296630280017, 0.7189916405433647
1, 2.6238208670795617, 0.7193573667711599
0, 2.6537502397851527, 0.7227795193312435
