who, energy-over-distance, energy-over-time
6, 2.6297412954678077, 0.7200223683860144
2, 2.628991433021807, 0.7191169813330492
7, 2.628390860476422, 0.719862594200197
0, 2.645101483216237, 0.7218331424919447
8, 2.6073293366853605, 0.7180518200942668
4, 2.648627527595975, 0.7220195457087316
9, 2.630519354211243, 0.7202354006337709
5, 2.6220648166116827, 0.7195963038905014
1, 2.658443465491924, 0.7231379650094533
3, 2.645372086218668, 0.7222592069874577
