who, energy-over-distance, energy-over-time
0, 2.64360015222631, 0.7212147430351272
9, 2.612921489682939, 0.7187229624502509
1, 2.6440978825916064, 0.7217165599584703
8, 2.6405576679340936, 0.7210243986848935
4, 2.629341922445371, 0.7204187575705139
6, 2.6339488995699467, 0.7206783180481052
2, 2.635460813460687, 0.7209551825575359
5, 2.639252928141817, 0.7213531752898426
7, 2.625212839755313, 0.7203322374113168
3, 2.64750349383814, 0.7211801349714484
