who, energy-over-distance, energy-over-time
7, 2.639983270598076, 0.7204885287067686
2, 2.6307974641307976, 0.7199634744892136
5, 2.6171043882978724, 0.7188448807213789
9, 2.634003839412403, 0.7204200433740441
0, 2.650087917608641, 0.7225202602442643
1, 2.6320880587058038, 0.7205570140394932
8, 2.666470340765671, 0.7234562264581669
4, 2.628602365483925, 0.7204428718182856
6, 2.638939976592543, 0.7206254993722178
3, 2.6353775552774303, 0.7210364113685652
