who, energy-over-distance, energy-over-time
2, 2.6332354175409147, 0.719999344337535
8, 2.6381140903365123, 0.7209008802268592
4, 2.61683469546024, 0.7190322422017146
1, 2.6128590156119653, 0.7187535856541053
7, 2.6298402058770725, 0.7202780008851444
3, 2.6322754491017966, 0.7205566574327537
9, 2.629707238220679, 0.719982952775911
0, 2.6163109574341243, 0.7193600734341961
5, 2.616191725289138, 0.7193272903109479
6, 2.6425225225225226, 0.7211959283360926
