who, energy-over-distance, energy-over-time
3, 2.6222729347329987, 0.7198847262247838
6, 2.643887204923303, 0.7213131186568099
4, 2.614711512168444, 0.7188572860543792
5, 2.6166833987405314, 0.7184813933091091
8, 2.6179180731685063, 0.7190828217015411
2, 2.6296296296296298, 0.7205863926826213
1, 2.6372980910425845, 0.7201102618719458
7, 2.652029826014913, 0.7219396065655933
9, 2.6204692778234273, 0.7192582383160006
0, 2.6483405350740092, 0.7218644280165393
