who, energy-over-distance, energy-over-time
2, 2.620676038540515, 0.7193366572729244
0, 2.6160954035697364, 0.7180793409928463
1, 2.610682212068694, 0.7184045089963148
8, 2.649323786793954, 0.7219163234337741
3, 2.6427889966608364, 0.7205939735530024
9, 2.6209944751381213, 0.7198786039453717
5, 2.614608777874084, 0.7193149794060264
7, 2.6320336027896656, 0.7199436375460655
4, 2.6220484877201296, 0.7197702146108823
6, 2.622246782979395, 0.7200520268805549
