who, energy-over-distance, energy-over-time
6, 2.626616467506957, 0.7197936525737355
0, 2.6282859716648925, 0.71983851070988
1, 2.6266775777414075, 0.7199282269821689
3, 2.6414660202153013, 0.7209599641134911
9, 2.6132898491642886, 0.7188964898508466
5, 2.650016458196182, 0.7222832791297522
2, 2.618129848917926, 0.7190534933273522
7, 2.635990813648294, 0.7208253897050577
4, 2.6232831916285155, 0.7197039363014467
8, 2.618732647395068, 0.7192777840080745
