who, energy-over-distance, energy-over-time
6, 2.6365425912670006, 0.72024638850187
8, 2.641999641641283, 0.7208330277920364
3, 2.631555436433485, 0.7199775121605436
4, 2.6381684850652833, 0.7210774608296058
0, 2.633223243773989, 0.7210774608296058
5, 2.6265929952767135, 0.7204174916281685
7, 2.6243093922651934, 0.719855295641759
9, 2.6324251898168827, 0.7203441617168976
1, 2.647897426701336, 0.7218596465498277
2, 2.630925810195518, 0.7203197184131407
