who, energy-over-distance, energy-over-time
2, 2.6346804343955847, 0.7204790535770794
0, 2.6286781047204197, 0.7197974732844867
7, 2.6595821002600664, 0.7219152406221855
5, 2.6356113187399894, 0.7209902387965239
9, 2.640998217468806, 0.7213066867895134
1, 2.63846085330008, 0.7210632652564446
6, 2.641130830286275, 0.7208928701832964
3, 2.642207560627675, 0.7213797132494341
8, 2.6223069421047964, 0.7199678683576349
4, 2.6265423879272083, 0.7202356320440106
