who, energy-over-distance, energy-over-time
9, 2.6219801042160116, 0.7196255606838718
1, 2.632921419518378, 0.7202322910572276
4, 2.619073913386448, 0.7194522091486273
2, 2.621209728363866, 0.7193005265552883
7, 2.6351319229855004, 0.720665669895339
0, 2.640063466878223, 0.7210990487334503
3, 2.6195360580716427, 0.7194088712648161
6, 2.6395210530489255, 0.7212940692106005
8, 2.657177033492823, 0.7220308132353898
5, 2.627125345986556, 0.7198422501029275
