who, energy-over-distance, energy-over-time
0, 1.2153895172853273, 0.47203316421235
9, 1.4201173222912353, 0.5092810295755476
7, 1.628154795288839, 0.5388565771562925
5, 1.4976008530300338, 0.5214082415542631
6, 1.7818612922347363, 0.5579754980819206
2, 2.0485708145282615, 0.589778492760797
8, 1.3051597051597053, 0.49300829105308747
4, 1.2879736408566722, 0.4837272614775399
3, 2.066594360086768, 0.5894691251082786
1, 1.1590380139643135, 0.4621952728622695
