who, energy-over-distance, energy-over-time
9, 1.9991425509110397, 0.5808058790558634
1, 1.2198785554490252, 0.4754312760789687
6, 1.47541274631635, 0.517593572896556
5, 2.1092157731501993, 0.5929501152145482
2, 1.2615107324266754, 0.4794793547985302
3, 1.6474273780140498, 0.540387369994395
4, 1.3067935236187616, 0.4875755122376534
7, 1.2157209451856614, 0.4710095285545245
0, 1.988235294117647, 0.5788752568973033
8, 1.5546989720998532, 0.5274957962259451
