who, energy-over-distance, energy-over-time
6, 1.3295228628230615, 0.4944851808490973
2, 2.2173615857826383, 0.5996672623082137
8, 1.2283126787416587, 0.47636946207406494
5, 1.581904414447282, 0.5343520857723828
1, 1.9238747147894628, 0.5715077946885205
3, 1.340813934014403, 0.49331443711873807
0, 1.2228443449048152, 0.47100868815084107
4, 1.2765957446808511, 0.4843181958222934
9, 1.8416516335939066, 0.5661470207652967
7, 1.5272792534099067, 0.5243699550187935
