who, energy-over-distance, energy-over-time
9, 1.519572308807539, 0.5216498693542366
2, 2.219257540603248, 0.5950603459002115
3, 1.2219367271559338, 0.47337314918501927
1, 1.6950844854070661, 0.5492099041931069
4, 1.2304850626405397, 0.4766081871345029
7, 1.1725391057039027, 0.46167724275227073
6, 1.3082191780821917, 0.48718427273858406
0, 1.3304757102033955, 0.4924101032723653
8, 1.9094488188976377, 0.5732860520094563
5, 1.7823156225218082, 0.5592882916511136
