who, energy-over-distance, energy-over-time
6, 2.095530236634531, 0.5921248142644874
9, 1.2230891719745223, 0.47554482417038135
3, 1.210451080050826, 0.47183011391778107
8, 2.0632308358596796, 0.5898959881129272
7, 1.4365244536940687, 0.512815750371471
0, 1.5656657018813314, 0.5358469539375929
1, 1.854390590143987, 0.5661218424962853
4, 1.3791631084543126, 0.49993808816245666
2, 1.2272217774219376, 0.4744923229321446
5, 1.6698166698166699, 0.5469910846953938
