who, energy-over-distance, energy-over-time
8, 1.1812893081761007, 0.4663852504810975
9, 1.9912877178070547, 0.5817245018312744
5, 1.362092391304348, 0.4978583400583525
7, 1.20056854074542, 0.47191011235955055
0, 1.7070335206355358, 0.546899248867093
6, 1.1436977392381542, 0.4585014588118443
3, 1.235417676522863, 0.47464150474889816
4, 1.3879339979374354, 0.501272580545037
2, 1.6172284644194757, 0.5360978335092185
1, 1.9518251273344651, 0.5709230864734
