who, energy-over-distance, energy-over-time
0, 1.6604237608777903, 0.5455280004972342
2, 1.3899827288428324, 0.5002175399341164
6, 1.7393254045622928, 0.5544782149294549
5, 1.2215654952076678, 0.4752936789110572
7, 1.2502037489812552, 0.47672322704953696
1, 1.3986230636833046, 0.5050655727515694
8, 2.0763676148796497, 0.5897818385232146
9, 1.5452069716775598, 0.5289949655043819
4, 2.07964989059081, 0.590714152526571
3, 1.2054337464251668, 0.4715644228976319
