who, energy-over-distance, energy-over-time
3, 1.487719298245614, 0.4992430613961312
4, 1.5672782874617737, 0.5172413793103449
9, 1.4110576923076923, 0.49369217830109335
5, 1.7803404722679845, 0.5453322119428091
1, 1.71137339055794, 0.5365853658536586
6, 1.3702818920210225, 0.48242220353238013
8, 1.6335598536330371, 0.5256518082422204
2, 1.489562624254473, 0.504121110176619
7, 1.614984391259105, 0.5221194280908327
0, 1.542799597180262, 0.5153910849453323
