who, energy-over-distance, energy-over-time
5, 1.6778697001034126, 0.5356553317926709
1, 1.6040609137055837, 0.5216242984483328
7, 1.5817452357071213, 0.520633872565203
0, 1.5101434933201385, 0.5037966325519974
6, 1.5405940594059406, 0.5137008913832948
8, 1.6593863754550182, 0.5267414988445032
2, 1.5852557673019056, 0.5217893694288545
9, 1.5731462925851702, 0.5183228788379003
3, 1.7481442205726405, 0.5442390227797953
4, 1.5776992936427852, 0.5161769560911191
