who, energy-over-distance, energy-over-time
3, 1.7008281573498965, 0.5363146727599152
5, 1.7121369294605808, 0.5387628529459768
0, 1.4445497630331754, 0.49747021380773626
1, 1.5201750121536217, 0.5103639627876612
7, 1.563681592039801, 0.512975354986127
4, 1.467734109655507, 0.49371633752244165
6, 1.7498683517640863, 0.5423535172188673
9, 1.4997581035316885, 0.5059572384527501
8, 1.5534653465346535, 0.5121592949241064
2, 1.5852073963018491, 0.5177085033458463
