who, energy-over-distance, energy-over-time
7, 1.5972803347280335, 0.5176271186440679
2, 1.5980239209568383, 0.5208474576271186
1, 1.299576071596797, 0.4676271186440678
5, 1.4157248157248157, 0.48830508474576273
8, 1.4031007751937985, 0.4908474576271186
3, 1.5253292806484295, 0.5103389830508475
4, 1.3900335409678966, 0.4916949152542373
0, 1.4197952218430034, 0.4935593220338983
9, 1.6754151044456347, 0.5301694915254237
6, 1.5087631447170755, 0.5106779661016949
