who, energy-over-distance, energy-over-time
3, 1.7899296155928532, 0.5481677997015421
4, 1.490713587487781, 0.5057204443707511
6, 1.7401700318809776, 0.5430276902669541
5, 1.5273088381330686, 0.5100315038965346
7, 1.6547619047619047, 0.5300945116896038
2, 1.6605648535564854, 0.5264466920908639
8, 1.6257668711656441, 0.5272757419996684
1, 1.7943570265870863, 0.5483336096833029
0, 1.5, 0.5053888244072293
9, 1.4752086401570939, 0.4982589951915105
