who, energy-over-distance, energy-over-time
7, 1.4325396825396826, 0.4907391673746814
3, 1.4098280098280098, 0.4875106202209006
0, 1.460813492063492, 0.5004248088360238
6, 1.4134241245136188, 0.4937977909940527
5, 1.5903676851372346, 0.5218351741716227
2, 1.6409853249475892, 0.5320305862361937
4, 1.5723853683668212, 0.518606627017842
1, 1.5921120913336793, 0.5213254035683942
8, 1.4103819784524976, 0.4893797790994053
9, 1.4033980582524272, 0.4912489379779099
