who, energy-over-distance, energy-over-time
7, 1.5908389089037571, 0.5213358070500927
2, 1.5983393876491956, 0.5194805194805194
5, 1.8237909949972206, 0.5533816832518131
3, 1.5223577235772359, 0.5053128689492326
0, 1.5141843971631206, 0.5041322314049587
4, 1.9020939445387663, 0.5668746837578006
1, 1.7312534209085932, 0.5334795075054816
9, 1.5468106995884774, 0.5071681565188059
6, 1.5536723163841808, 0.5102040816326531
8, 1.6173733195449844, 0.527576319784112
