who, energy-over-distance, energy-over-time
5, 1.7883381924198252, 0.5710650446871897
2, 1.2559987029831388, 0.4808217477656405
4, 1.760023130300694, 0.5667204568023834
3, 1.3868863714383797, 0.5014895729890765
0, 1.7751923076923077, 0.5729270109235353
9, 1.3514609018746833, 0.49664846077457797
7, 1.2364334880742756, 0.47939424031777556
6, 1.530579108785856, 0.5265640516385303
1, 1.5314009661835748, 0.5312189672293942
8, 1.4954602100765533, 0.5213505461767627
