who, energy-over-distance, energy-over-time
5, 1.4175881133379407, 0.5106740524055517
0, 1.6127469250838613, 0.5386195307151304
3, 1.5744485294117647, 0.5330802265513164
9, 1.759709690074539, 0.5583494118379286
8, 1.4167533818938605, 0.5084334349909753
6, 2.020536462699078, 0.6001120308707288
1, 1.4458318677453394, 0.5116698823675857
7, 1.4761061946902654, 0.5190763677102135
2, 1.6546924957682905, 0.5475820003734362
4, 1.831902575364344, 0.5711084832264891
