who, energy-over-distance, energy-over-time
3, 1.322401614530777, 0.48790022338049144
0, 1.4405076679005817, 0.5070737155621743
6, 1.8285939968404423, 0.574584264085381
8, 1.4484029484029484, 0.5120997766195086
4, 1.6596749811035525, 0.5449863489699678
5, 1.5528960350813081, 0.5273641102010425
7, 1.3258898589657488, 0.4900099280218416
2, 1.361031032728506, 0.4980143956316704
1, 1.5492396813902969, 0.5310250682551502
9, 1.5810860731437015, 0.5311491685281707
