who, energy-over-distance, energy-over-time
5, 1.3774754606509385, 0.5005945303210464
9, 1.4165060452076397, 0.505914012140935
0, 1.3259874555009323, 0.48951749170786657
3, 1.2865873802444665, 0.48745228111896866
7, 1.2460982421554132, 0.474685524751236
4, 1.6180790960451978, 0.5377057387821516
1, 1.9069719893682273, 0.5837036109894236
8, 1.4860114777618365, 0.5185556042305526
2, 1.8668423186055938, 0.5764440828587521
6, 1.411795498167859, 0.5063520871143375
