who, energy-over-distance, energy-over-time
5, 1.4858688066992323, 0.5188230994152047
0, 1.3601666666666667, 0.49713693957115007
1, 1.5618303976756855, 0.5239400584795322
9, 1.4193879295606087, 0.5057261208576999
6, 1.801807110587311, 0.5587841130604289
4, 1.5020200245916038, 0.5208942495126706
8, 1.4604805013927578, 0.511025828460039
2, 1.6452759588400374, 0.535696881091618
7, 1.4314502239063038, 0.5062743664717348
3, 1.74386236226561, 0.5495248538011696
