who, energy-over-distance, energy-over-time
1, 2.6348744858885262, 0.7201946000426415
6, 2.617750811344716, 0.7191673289012075
7, 2.637446808510638, 0.7207954567480085
0, 2.6262904822514495, 0.7198844804527746
5, 2.631713012099342, 0.7209117515942085
8, 2.6165021156558534, 0.7191285639524742
9, 2.6359639792951852, 0.7205434845812416
4, 2.6159323228762776, 0.7192254763243076
2, 2.6346766768184717, 0.7210086639660419
3, 2.6371179348982343, 0.7207566917992752
