who, energy-over-distance, energy-over-time
1, 2.6202189229994968, 0.7194976593135138
3, 2.6113726228582186, 0.7187375839969598
6, 2.632090352703641, 0.7206204978493324
5, 2.6280491648282385, 0.7202404601910553
9, 2.6389152285226625, 0.7211214565806976
2, 2.632904202953427, 0.7207068700443953
4, 2.6326388888888888, 0.7203613812641434
7, 2.630283911671924, 0.7201713624350049
0, 2.62664649902313, 0.7199467947278412
8, 2.632761231701161, 0.7207586933614331
