who, energy-over-distance, energy-over-time
5, 2.6355409836065573, 0.720764664741854
0, 2.637061331584126, 0.7209439951222136
8, 2.6345044572627163, 0.720764664741854
3, 2.6273572551073863, 0.7195631511934437
6, 2.6141254728055303, 0.7188458296720047
4, 2.6281078251766554, 0.7203342718289906
1, 2.6267591804673693, 0.7196348833455876
9, 2.6309274299187844, 0.7203522048670266
7, 2.6388049901510175, 0.720710865627746
2, 2.6234156539918985, 0.720083209296487
