who, energy-over-distance, energy-over-time
3, 2.6280528943462422, 0.7202314917535685
4, 2.6212682795336613, 0.7191960653797796
6, 2.6369474111126134, 0.721303897640707
7, 2.648500067870232, 0.7215257747208047
5, 2.6323112251789813, 0.7206197766437393
2, 2.6101080609436873, 0.7190296575697064
0, 2.619111709286676, 0.7196213297833001
9, 2.6390204302530105, 0.7212854078840323
8, 2.6337657073368463, 0.7208231639671622
1, 2.6379928315412187, 0.7212484283706826
