who, energy-over-distance, energy-over-time
0, 2.6529656988224968, 0.7225032864597857
7, 2.6300472899236085, 0.7200334621359997
8, 2.640355996498395, 0.7209098514121818
6, 2.6396646008020417, 0.7210891128550373
2, 2.637192010497157, 0.7205712464645659
4, 2.6368141077023974, 0.7207305899693264
5, 2.608136426042344, 0.718918057602677
1, 2.639646869983949, 0.7206110823407561
9, 2.5994949494949493, 0.7176233916264988
3, 2.6218768158047645, 0.7189977293550571
