who, energy-over-distance, energy-over-time
2, 2.6487005997232047, 0.7220498847201845
6, 2.6497114274721048, 0.7217145252567596
1, 2.626673808248527, 0.719513728778034
7, 2.6323000382701873, 0.7208342066652693
4, 2.635268850195597, 0.7201006078390274
5, 2.6356945722171115, 0.7206036470341648
9, 2.6207843735693577, 0.719932928107315
8, 2.6196033562166283, 0.7198281282749948
3, 2.6231574123577484, 0.7198700482079229
0, 2.6350118801256994, 0.7205826870677007
