who, energy-over-distance, energy-over-time
8, 1.2847143089695587, 0.48614019958112603
2, 1.386950687688695, 0.5093630651718615
9, 1.6900694574807584, 0.554576814093877
6, 1.6842006739049045, 0.5542072194160405
0, 2.669549732892394, 0.6464210915362819
1, 1.4352839931153185, 0.5136750030799556
7, 1.415805785123967, 0.5065295059751139
4, 1.7653609831029187, 0.5663422446716767
5, 1.4360475124806336, 0.5138598004188739
3, 1.329472116498428, 0.49488727362325985
