who, energy-over-distance, energy-over-time
3, 2.5275844930417497, 0.6325642141924249
6, 1.6964795432921027, 0.5544499036009702
2, 1.2940497774847537, 0.48827663411903727
1, 1.312094493428714, 0.49051557932707257
7, 1.443530029767116, 0.5127184526400895
8, 1.6545557228915662, 0.5466135953728466
4, 1.3568274456521738, 0.496859257416506
5, 1.4001722652885444, 0.5055040736364201
0, 1.7096466093600764, 0.5566266558865601
9, 1.2887473460721868, 0.4907643510168543
