who, energy-over-distance, energy-over-time
8, 1.4054192229038855, 0.5086658854006044
0, 1.293103448275862, 0.4903472522050207
9, 1.4174107142857142, 0.5091593165977919
6, 2.0315503552026746, 0.5997039412816876
2, 1.2606658047834518, 0.48115709615740454
5, 1.3289539331448528, 0.4928760870906063
4, 1.3060686015831136, 0.4884968852155678
1, 2.0682978723404255, 0.5995805834823906
3, 1.4658852344296711, 0.5168075001541973
7, 2.0270724029380904, 0.595756491704188
