who, energy-over-distance, energy-over-time
2, 1.375406191209167, 0.49734075448361165
1, 1.3242388953585094, 0.49226963512677796
5, 1.497160099396521, 0.5216450216450217
0, 1.3137771918259724, 0.4930117501546073
9, 2.1756304396340105, 0.6029066171923315
6, 2.195018901489882, 0.6104514533085962
7, 1.3652704765134813, 0.4978973407544836
3, 1.2573410777670215, 0.4819418676561534
8, 1.5044690740078657, 0.5204700061842918
4, 1.2839224629418473, 0.48744588744588746
