who, energy-over-distance, energy-over-time
9, 2.2951987135308984, 0.6191745166088249
7, 1.7191977077363896, 0.5577590480912246
1, 1.479510377860564, 0.5168567178978681
6, 1.373063973063973, 0.5054536440257809
8, 1.3119960506829027, 0.4941125433812593
3, 2.304707233065442, 0.6220252850768468
4, 1.307337940111879, 0.49243926623698564
5, 1.5485216760384546, 0.5290654437283093
0, 1.3983224922971584, 0.5062592959841349
2, 1.426856844668638, 0.5083663857213684
