who, energy-over-distance, energy-over-time
0, 1.36692939795405, 0.5022490603241112
9, 1.3313953488372092, 0.4938689999383819
3, 1.8611444577831133, 0.5731714831474521
5, 2.6688741721854305, 0.6456343582475815
2, 1.3364315352697096, 0.4961488693080288
4, 1.4725679228746713, 0.5176535830919958
6, 1.4287437532310874, 0.5108755930741266
8, 1.3268817204301075, 0.49423870848481116
1, 1.5695857558139534, 0.532318688767022
7, 1.2896316728865813, 0.4897405878365888
