who, energy-over-distance, energy-over-time
1, 2.613624388407979, 0.719001076782904
2, 2.6340651021953065, 0.7205334216847511
3, 2.642104465165643, 0.7216930340429056
5, 2.6329928111993945, 0.7205127143212127
0, 2.6266052273757365, 0.7200157375962892
8, 2.6339414124593143, 0.7205541290482895
4, 2.6448356985656827, 0.7216723266793672
9, 2.642207398423287, 0.7217758634970596
6, 2.6246697365441234, 0.7199743228692123
7, 2.657804525024758, 0.7224592064938292
