who, energy-over-distance, energy-over-time
0, 2.6233481839462356, 0.7196478508544796
7, 2.6540013705931624, 0.7220093215950285
4, 2.664072632944228, 0.723314344899016
8, 2.621460394170505, 0.7191299844640083
6, 2.627957964769033, 0.7200414293112377
1, 2.6257274582420074, 0.7196478508544796
5, 2.607832819664737, 0.7186328327291559
2, 2.643269084838367, 0.7215535991714138
3, 2.6260107307488854, 0.7198342827550492
9, 2.6334848484848483, 0.7200828586224755
