who, energy-over-distance, energy-over-time
3, 2.619646764613942, 0.7197672421197286
9, 2.6433907368089957, 0.7218070943914798
5, 2.632760379875991, 0.7202611010907841
0, 2.6409469875727543, 0.7209696813536031
6, 2.6508861756597084, 0.722601563171004
4, 2.6228392647633947, 0.7200249076698445
7, 2.628958921291941, 0.7200678519281972
1, 2.6264682850430696, 0.7201752125740788
8, 2.625136954139928, 0.7202611010907841
2, 2.5988023952095807, 0.7175556128145667
