who, energy-over-distance, energy-over-time
8, 2.6369096166679022, 0.7207214510082075
7, 2.6269506693291915, 0.7198095045090688
1, 2.6497175141242937, 0.7223426892288985
4, 2.6211528526090486, 0.7197081771202756
6, 2.6392798933175285, 0.7219576451514844
5, 2.621246772408705, 0.7200526902421724
2, 2.64, 0.7209241057857939
0, 2.6295967443581207, 0.7202148140642416
9, 2.6443635823555622, 0.7216333975073462
3, 2.6382032466088505, 0.7212888843854494
