who, energy-over-distance, energy-over-time
9, 2.6295522148082644, 0.7196699669966997
5, 2.6227261799823705, 0.7201100110011001
7, 2.6417693981145756, 0.7213861386138614
6, 2.6373140329714517, 0.7215621562156216
8, 2.619703644373248, 0.7196259625962597
4, 2.634558173192892, 0.7209240924092409
1, 2.6471964501815246, 0.7219361936193619
0, 2.6475237941603487, 0.7222002200220022
3, 2.6424828698105602, 0.7212321232123212
2, 2.625090296171442, 0.7196039603960396
