who, energy-over-distance, energy-over-time
0, 2.656460218046857, 0.7227972734158041
6, 2.618405941352117, 0.7194942354624253
5, 2.6294361653095715, 0.7201464276697803
9, 2.6302695231513478, 0.720651350669023
4, 2.615567120771468, 0.7189893124631827
7, 2.6221251149954004, 0.7195783892956324
2, 2.664599643438493, 0.7232180425818396
3, 2.6306604136234335, 0.7198729277118573
8, 2.6203753351206434, 0.7197046200454431
1, 2.6140780413159908, 0.7187999663384668
