who, energy-over-distance, energy-over-time
4, 2.6386655948553055, 0.7206683059629402
8, 2.6273127753303966, 0.720163344164398
1, 2.638051603568845, 0.7205585316589093
0, 2.6415367304291912, 0.7215684552559937
3, 2.6487227012652106, 0.7216123649776061
6, 2.644092334915145, 0.7217440941424431
5, 2.637443802183687, 0.7212610872047072
7, 2.638364527271267, 0.7211074031790639
9, 2.6517252499193806, 0.7221392816369544
2, 2.6118510248026157, 0.7190216914024765
