who, energy-over-distance, energy-over-time
8, 2.6484917773282914, 0.7222235545216912
2, 2.6199039720646007, 0.7197055085253843
0, 2.6204998252359313, 0.7191779179356819
1, 2.627921225382932, 0.7200172666011175
3, 2.6461484347520225, 0.7216480011511067
9, 2.622869131917126, 0.7195136574018561
4, 2.6374474053295933, 0.7215520755893426
7, 2.66684340756451, 0.7237104007290343
5, 2.6501496215455025, 0.7221036475694861
6, 2.6345311130587206, 0.7208805966569942
