who, energy-over-distance, energy-over-time
4, 2.6276964424641065, 0.7201170701451748
5, 2.632615471805044, 0.7202915124144749
1, 2.6334774289561333, 0.7202721299401081
6, 2.6135691137100183, 0.7190316515806408
8, 2.628405633005449, 0.7199038629271413
3, 2.6463483944302357, 0.7219971701587424
2, 2.63553918095508, 0.7209892814916752
0, 2.6352749433106575, 0.7208148392223751
7, 2.6232949325040638, 0.7194193010679744
9, 2.6218944099378882, 0.7200007752989747
