who, energy-over-distance, energy-over-time
4, 2.606320754716981, 0.7184428147916991
3, 2.6386618513590574, 0.7220055130805638
5, 2.6128910310934694, 0.7189629167316794
0, 2.65303392259914, 0.7220055130805638
2, 2.630075901328273, 0.7208872939096063
8, 2.622607542164108, 0.7197950798356478
6, 2.65440473915536, 0.722447599729547
9, 2.628547024769859, 0.72026317158163
1, 2.6119515885022695, 0.7183647995007021
7, 2.652696897374702, 0.7226036303115411
