who, energy-over-distance, energy-over-time
9, 2.6353880494505493, 0.7205022884637954
1, 2.624561403508772, 0.7198216171810821
4, 2.6265194316041773, 0.7201736885342096
0, 2.64392635925671, 0.7213472597113015
6, 2.6499052867229205, 0.7223565309236005
5, 2.624593252269224, 0.7193991315573289
3, 2.666609011502205, 0.7237178734890272
8, 2.6312945011581026, 0.7199389742987912
7, 2.6368009621166566, 0.7204553456167117
2, 2.6398144967365167, 0.7214646168290106
