who, energy-over-distance, energy-over-time
0, 2.6472457627118646, 0.7223506915106506
6, 2.625840966199238, 0.7203050651487526
7, 2.6326314933745225, 0.7200604793880909
1, 2.6512159294924107, 0.7223729265798017
5, 2.6283185840707963, 0.7198158936274291
8, 2.6490655349710277, 0.7217281095744208
4, 2.6291304700820004, 0.7200382443189398
2, 2.621304171729445, 0.7195268377284654
3, 2.638805241311956, 0.7209276470849825
9, 2.6383983071539023, 0.7208164717392271
