who, energy-over-distance, energy-over-time
4, 2.6386720502467473, 0.7211731816175388
2, 2.6288964528842707, 0.7197263230173132
0, 2.637415881561238, 0.7208298592378243
3, 2.6458651342372272, 0.7226200402177645
7, 2.619328331546981, 0.7191622933934965
6, 2.6532192705988296, 0.722546471136397
9, 2.611180345380096, 0.7193584776104762
8, 2.6487191011235955, 0.7226200402177645
1, 2.632215847974184, 0.7201186914512727
5, 2.632258064516129, 0.7203884447496199
