who, energy-over-distance, energy-over-time
1, 1.6993513925982449, 0.5516814268904441
3, 1.475071225071225, 0.5130364773642163
9, 1.4110706229394412, 0.5036229640180838
7, 1.4315752584545296, 0.505976342354617
2, 1.4637809187279152, 0.5130984083730724
8, 1.6610105580693817, 0.5456121880225429
5, 1.4663724624889674, 0.5144608905679073
0, 1.6447861965491373, 0.5431349476682975
6, 1.6709775580068467, 0.5441258438099956
4, 1.3615618661257607, 0.49885427633616153
