who, energy-over-distance, energy-over-time
5, 1.4085187101224348, 0.5055081074390395
4, 1.6468253968253967, 0.5393613070924619
0, 1.6707017212029507, 0.5466641911127614
7, 1.4997316156736447, 0.5187523208317861
2, 1.6541282678201994, 0.5443124149028346
8, 1.4421864050455502, 0.5094689936873376
6, 1.3741670937980524, 0.49777200148533235
1, 1.5071479628305933, 0.5219705409085282
9, 1.7108986615678776, 0.553781408590172
3, 1.3068633952254642, 0.4878697858645872
