who, energy-over-distance, energy-over-time
7, 1.4352367688022285, 0.5080421519689406
2, 1.4132416165090285, 0.5064398841437111
9, 1.394578829987991, 0.5009551981265792
1, 1.5422230241789967, 0.5267147347014236
0, 1.437813527071441, 0.5122326985887719
5, 1.6795162509448223, 0.547729093486165
8, 1.543958031837916, 0.5259752264743945
6, 1.3457205313603497, 0.49319036174277436
3, 1.4515292897874545, 0.517655758920318
4, 1.3184404283801874, 0.48554877673014113
