who, energy-over-distance, energy-over-time
1, 1.527631817358217, 0.5211398195079738
3, 1.425335424289946, 0.5056249227345778
4, 1.5740065621582209, 0.5337495364074669
6, 1.4416288011184901, 0.5098899740388182
0, 1.5751285819250551, 0.5300407961429101
8, 1.6438969764837625, 0.5444430708369391
2, 1.5343234921209925, 0.5236123130176783
9, 1.4688927943760983, 0.516627518852763
7, 1.6009633197480548, 0.5341822227716653
5, 1.5864481679248756, 0.5325751019903573
