who, energy-over-distance, energy-over-time
1, 1.850480384307446, 0.5728004956629492
4, 1.8377680698967434, 0.5734200743494424
7, 1.5850239763924752, 0.5324659231722428
3, 1.8179833267169512, 0.5674721189591078
6, 1.4540199684708355, 0.5143122676579925
9, 1.6764872521246459, 0.55
0, 1.5679103106046683, 0.5285625774473358
5, 1.5175707334654893, 0.5217472118959108
8, 1.4651244304241149, 0.5179677819083024
2, 1.4910190289880847, 0.519454770755886
