who, energy-over-distance, energy-over-time
1, 1.5036561441055822, 0.5239249316430524
2, 1.7659616137877008, 0.560340541884166
5, 1.618610747051114, 0.5372234650758141
3, 1.53868349864743, 0.5302013422818792
7, 1.5269342010122922, 0.5249192145165299
0, 1.7460534008965114, 0.55673626646781
6, 1.8380211450229405, 0.5725826497638579
9, 1.7601404056162246, 0.5608998260004971
4, 1.5505270810614322, 0.5301391996022868
8, 1.7563551036370746, 0.558165548098434
