who, energy-over-distance, energy-over-time
5, 1.8553259141494436, 0.5730068127416682
9, 2.1619702684712667, 0.598048241576137
4, 1.4539666150404404, 0.5185662554471245
0, 1.767144517628826, 0.5598723378137851
3, 1.6157653528872593, 0.5409685140858037
6, 1.3695797198132087, 0.5040201313447493
8, 1.457562662057044, 0.5175228625790217
2, 2.105390008764242, 0.589762474682379
7, 1.6130155820348304, 0.5400478733198306
1, 1.2972840314136125, 0.4866507088933898
