who, energy-over-distance, energy-over-time
2, 1.1677096370463078, 0.4588148512417015
9, 1.634132633945298, 0.536206048684534
7, 1.6705616283452696, 0.5448733710351611
0, 2.0729212015672616, 0.5853823457093681
3, 2.001274155871735, 0.5792967789525448
8, 1.4246058944482523, 0.5110646668305877
5, 1.2078830260648443, 0.4671748217359233
1, 1.4000340889722176, 0.5049176297024834
6, 1.2466890059039413, 0.48026801081878534
4, 1.5043478260869565, 0.5210843373493976
