who, energy-over-distance, energy-over-time
9, 1.7188455657492354, 0.5538584713924987
1, 2.025918844274485, 0.587300609718544
6, 1.5160720593429884, 0.5286690891174478
8, 1.9854553119730185, 0.5800948451068547
3, 1.530257320319432, 0.5310710106546775
2, 1.6078359575247163, 0.5408634599987683
4, 1.32114493712773, 0.4917780378148673
7, 1.3683589138134593, 0.49966126747551887
0, 1.28546042003231, 0.49005358132659976
5, 1.9359239355105415, 0.5768306953254911
