who, energy-over-distance, energy-over-time
4, 1.589868397331891, 0.5412421750337547
8, 1.5633014267653964, 0.5312384926966982
9, 1.5873741994510522, 0.5324045660979502
3, 1.1587568891610533, 0.4645268196882288
6, 1.352649826646855, 0.5028231250767153
5, 2.074098218166015, 0.5857984534184363
2, 1.6086080586080587, 0.5390327727998037
1, 1.162913495884454, 0.4595556646618387
0, 1.5855369670804103, 0.5409353136123727
7, 1.5229325305471932, 0.5278016447772186
