who, energy-over-distance, energy-over-time
6, 1.7328407544234883, 0.5468491133337424
3, 1.2522435897435897, 0.47947474995397926
1, 1.3194830688696222, 0.49493771859851504
0, 1.0663697104677061, 0.44069460636927044
9, 1.9930129155197966, 0.57759096766276
5, 1.3508392886820675, 0.49874209977296435
8, 1.5388759202729394, 0.5258636558875867
4, 1.5507481521543176, 0.527827207461496
2, 1.5024787535410764, 0.5207093330060747
7, 1.3392085134685734, 0.49420138675829905
