who, energy-over-distance, energy-over-time
1, 1.9728478215112608, 0.5757724675962897
4, 1.3855544252288912, 0.5019964371275877
5, 1.404503894344734, 0.5095521837950734
7, 1.576289592760181, 0.5349837213588058
0, 1.1853408029878618, 0.46790343387185945
6, 1.5722060957910013, 0.5323422814669205
8, 1.5659111514052584, 0.5304994164260703
9, 1.255028157683025, 0.47914491062104553
3, 1.4396759738021372, 0.5131150562073837
2, 1.978777054002942, 0.57847533632287
