who, energy-over-distance, energy-over-time
8, 2.6398975440711165, 0.7212811065599077
0, 2.618019638707743, 0.7189140234238314
5, 2.636254140319181, 0.7208282732643105
2, 2.6115931189229618, 0.7187081901076509
1, 2.631844163658243, 0.7202725233106231
7, 2.63562448242114, 0.720601856616512
4, 2.6334160836530507, 0.7205401066216578
9, 2.6144001197515156, 0.7189963567503036
6, 2.6514281396403203, 0.7222485231459564
3, 2.6277394175923146, 0.7206636066113661
