who, energy-over-distance, energy-over-time
8, 2.6369380315917375, 0.7206295796161424
6, 2.6348100753219406, 0.7201647001527461
7, 2.6242033077853972, 0.7200540145662232
2, 2.611338962605549, 0.7188364731144711
9, 2.6365918846683405, 0.720651716733447
5, 2.6343337917644205, 0.7208509507891883
0, 2.63749797439637, 0.7206074424988378
1, 2.619819383970327, 0.7192570783432581
3, 2.620191920006451, 0.7193013525778673
4, 2.6174410177953136, 0.719589135102827
