who, energy-over-distance, energy-over-time
7, 2.6265959210744487, 0.7201763957083106
9, 2.616388567652404, 0.7199945444626296
2, 2.6240172142679796, 0.7207219494453537
3, 2.636620655246965, 0.720767412256774
0, 2.6211406340534724, 0.7198126932169485
5, 2.633970099667774, 0.7208810692853246
6, 2.6239953600132573, 0.719880887434079
1, 2.6345051109449016, 0.720608292416803
8, 2.623354037267081, 0.72006273867976
4, 2.6299186451934253, 0.7201309328968903
