who, energy-over-distance, energy-over-time
8, 2.6240164998854176, 0.7199354487152617
5, 2.6239015817223197, 0.7196839502032947
4, 2.6398864333947207, 0.7210252756004527
1, 2.6217679810845853, 0.7204174875298655
9, 2.6262618537779137, 0.7197258666219558
6, 2.6421271036655654, 0.7205851532045102
0, 2.6436958023175503, 0.7220103114389906
2, 2.6278891780192866, 0.7196210755753029
7, 2.63508126341613, 0.7203755711112042
3, 2.6433179723502302, 0.7212977323217504
