who, energy-over-distance, energy-over-time
7, 2.6286480047647407, 0.7205861344109064
1, 2.6458348925978594, 0.7214637033408845
9, 2.6404124943954566, 0.7211167574848466
8, 2.6381564204078582, 0.7207698116288087
5, 2.625586068318821, 0.7200146941774322
2, 2.623316717506138, 0.7196065225820936
4, 2.621653777513385, 0.7195248882630257
6, 2.635122024031644, 0.7205861344109064
3, 2.6290670836125383, 0.7206473601502071
0, 2.6316220847924896, 0.7208106287883426
