who, energy-over-distance, energy-over-time
4, 2.629349593495935, 0.7199047279850413
9, 2.633658536585366, 0.7210844982637343
1, 2.6200972447325768, 0.7197043896358294
3, 2.6080426356589146, 0.7189475558721397
0, 2.6455696202531644, 0.7211067580803134
2, 2.639911994784876, 0.7211512777134717
8, 2.654447262908109, 0.7221084498263735
6, 2.63888209891632, 0.7209286795476805
7, 2.6121491547359055, 0.7188585166058231
5, 2.646151334584932, 0.721618733861633
