who, energy-over-distance, energy-over-time
5, 2.626615855936636, 0.7200917731891183
1, 2.602967359050445, 0.7187807276302851
0, 2.6238895110115714, 0.7199893477548345
7, 2.640939093909391, 0.7212594231399541
9, 2.6128888227414793, 0.7192723697148475
2, 2.642342882855857, 0.7217510652245166
8, 2.6417966406718656, 0.721710095050803
4, 2.626326012251606, 0.7201737135365454
6, 2.6330364493675624, 0.7206653556211078
3, 2.627663551401869, 0.719948377581121
