who, energy-over-distance, energy-over-time
7, 2.6331549353024863, 0.7208055931606179
3, 2.622120127018445, 0.7197299853494799
9, 2.62296301305024, 0.7193776310665208
6, 2.6283161884136437, 0.7202121543682659
8, 2.6350572764861386, 0.720935407896445
4, 2.626750558148975, 0.7200267047456559
5, 2.6309588299024917, 0.7205459636889638
0, 2.6277747698971305, 0.7200637946701779
1, 2.6343050847457627, 0.7205830536134858
2, 2.6178455723542116, 0.7192849062552158
