who, energy-over-distance, energy-over-time
2, 2.641779189833201, 0.721190616991918
6, 2.626474820143885, 0.7196530652473881
5, 2.624685500682913, 0.7197319140548
4, 2.6298776097912167, 0.7200670214863
9, 2.6287257019438446, 0.7197516262566529
3, 2.6258175806799398, 0.7201458702937118
8, 2.6222701149425287, 0.7195347920362705
7, 2.6389310220296136, 0.7202050068992707
0, 2.622774267662263, 0.720086733688153
1, 2.6378787878787877, 0.7206978119455943
