who, energy-over-distance, energy-over-time
9, 2.6388760228500847, 0.7215467747382641
4, 2.631181053768418, 0.7199425869638636
2, 2.63455303381195, 0.7203647416413373
6, 2.6262890564876096, 0.72032252617359
1, 2.6265496265496266, 0.7200059101654847
0, 2.6457930180354516, 0.7214834515366431
3, 2.631384045671964, 0.7199425869638636
7, 2.620053784095275, 0.7197737250928741
8, 2.625760258680422, 0.7199003714961162
5, 2.637354145738351, 0.7204069571090848
