who, energy-over-distance, energy-over-time
8, 2.636402387041773, 0.7210305432501749
5, 2.6263284681876153, 0.7202145022149685
2, 2.6353434192769374, 0.7208945364109738
7, 2.6263284681876153, 0.7202145022149685
3, 2.6208262591963782, 0.7198259112458226
6, 2.6363894811656006, 0.7207196704748582
4, 2.6334587800894695, 0.7205836636356571
0, 2.636085844229676, 0.7207391000233154
9, 2.616156618842321, 0.7192041656951892
1, 2.632105599318714, 0.7206225227325717
