who, energy-over-distance, energy-over-time
1, 2.6316720731347685, 0.7207236310773704
6, 2.6270075143656992, 0.7199765789048619
2, 2.6408872458410353, 0.7211678242610241
8, 2.6211942932784233, 0.7196535293167501
9, 2.6482400889218227, 0.7215716362461638
7, 2.608045724335019, 0.7186238087546438
3, 2.6313421828908554, 0.7204207720885156
4, 2.6488368647206992, 0.7218946858342755
5, 2.643126804352654, 0.7209255370699402
0, 2.6257546753055516, 0.7200573413018898
