who, energy-over-distance, energy-over-time
5, 2.636082401743655, 0.7203266090297791
6, 2.6296218339998596, 0.7200768491834775
3, 2.6298919904614952, 0.7204034582132565
1, 2.618727692630695, 0.7189048991354466
2, 2.6453226260918568, 0.7214793467819405
0, 2.636746734091867, 0.7212680115273775
9, 2.626367461430575, 0.7195389048991354
8, 2.644361484820737, 0.7212680115273775
4, 2.6491537376586742, 0.7217098943323728
7, 2.6286135279259053, 0.7197502401536984
