who, energy-over-distance, energy-over-time
3, 2.6233594889243803, 0.7200114351057747
7, 2.625304136253041, 0.7197446159710311
9, 2.6239405307767125, 0.7198208500095292
8, 2.636763167073596, 0.7203735467886412
6, 2.616190344062153, 0.7187916904898037
4, 2.62952142459655, 0.7204497808271393
0, 2.6286608695652176, 0.7201639031827711
2, 2.635907443546139, 0.7207928340003812
1, 2.629748156393488, 0.7204116638078902
5, 2.6452086391277, 0.7212692967409948
