who, energy-over-distance, energy-over-time
9, 1.4576425578429586, 0.5007823746635789
0, 1.4889217134416544, 0.5047255429680165
2, 1.5088987764182424, 0.5094197909494899
7, 1.5254491017964071, 0.5102334605996119
8, 1.5656892612338158, 0.51467734868874
5, 1.5306736921339856, 0.5091068410840583
6, 1.611641035623905, 0.5181823871815735
4, 1.517984263769202, 0.5071665519183827
3, 1.4942357753811826, 0.5029730237215998
1, 1.5746025665581307, 0.5145521687425675
