who, energy-over-distance, energy-over-time
6, 1.4198487031700289, 0.49395325521649225
0, 1.49025069637883, 0.5028510558305658
3, 1.4428179322964318, 0.4940785763519017
4, 1.4970282317979198, 0.5050441757002319
5, 1.4748148148148148, 0.4990287612005765
7, 1.5390876395987128, 0.5094930760072687
8, 1.4318882641030293, 0.49464252146124443
9, 1.4610244988864143, 0.49326398897174006
2, 1.4395323346729996, 0.493765273513378
1, 1.5437464414499904, 0.5096810577103829
