who, energy-over-distance, energy-over-time
8, 1.625952743902439, 0.5308903129471785
9, 1.630530549703122, 0.52964599016985
7, 1.5635069314349943, 0.5192558949791576
1, 1.7498012718600955, 0.5478131027188453
4, 1.639112131649445, 0.5329434455297705
5, 1.7176145339652449, 0.5411559758601381
2, 1.6263841160748378, 0.5300192870030486
0, 1.6078842125309465, 0.5252908604492005
6, 1.6391653905053598, 0.5327567971131711
3, 1.7315675034591818, 0.5450133764698563
