who, energy-over-distance, energy-over-time
8, 1.5303825956489123, 0.5102232226599137
3, 1.57340930674264, 0.5179766147689614
4, 1.480139117700897, 0.5055961983367724
9, 1.6204113011724006, 0.5271681360595261
1, 1.5250748502994012, 0.5095979491027325
0, 1.551438781267632, 0.515788157318827
7, 1.4662497700938018, 0.49846807978490587
5, 1.5178837555886737, 0.5094728943912962
6, 1.5854400304124692, 0.5215406740448947
2, 1.544367644311601, 0.5169136497217532
