who, energy-over-distance, energy-over-time
0, 1.5674550614947966, 0.5181061980111327
1, 1.5349143610013176, 0.5100381512289699
3, 1.4642922709748485, 0.4988429545312402
2, 1.4963639753869102, 0.5019075614484958
5, 1.5132245357343839, 0.5045343673775721
6, 1.4386317907444668, 0.4919006817186816
7, 1.503191888847165, 0.5007192444805804
4, 1.5248347497639283, 0.5049721683657514
8, 1.5280285929270128, 0.5080367752830071
9, 1.448432944606414, 0.49715429357683405
