who, energy-over-distance, energy-over-time
1, 1.6989585380231873, 0.5401049475262368
8, 1.7830591102985984, 0.5483508245877061
6, 1.7107389162561577, 0.5423538230884558
7, 1.6740914419695194, 0.5352323838080959
4, 1.6016803513461906, 0.5239880059970015
3, 1.7771979124849457, 0.5530984507746127
0, 1.6977479257210588, 0.5368565717141429
2, 1.8008179959100203, 0.5500999500249875
9, 1.6616556032799688, 0.531671664167916
5, 1.689170731707317, 0.540792103948026
