who, energy-over-distance, energy-over-time
9, 2.623263528923906, 0.7202413708040001
2, 2.6337354409317806, 0.7208675686445664
7, 2.6295218295218294, 0.7200136624983396
0, 2.642792573534525, 0.7211901554109186
5, 2.6126852809376078, 0.7191218049678362
4, 2.6245419979260283, 0.720393176341107
3, 2.624922161488964, 0.7198998083455094
1, 2.6332455654101996, 0.7211332283345036
8, 2.6529502022597296, 0.7217973775593465
6, 2.639280505590666, 0.7211332283345036
