who, energy-over-distance, energy-over-time
8, 2.6416851714779175, 0.7213454380084553
9, 2.640125817195017, 0.7210085732091425
6, 2.6331240768094535, 0.7206043354499672
2, 2.6214408443789887, 0.7195263680921662
5, 2.6193366439825883, 0.7196105842919944
1, 2.6279427131354107, 0.7201158814909636
4, 2.6488157813369613, 0.7214633406882148
7, 2.6262440103206783, 0.720048508531101
0, 2.6151632065650072, 0.719256876252716
3, 2.6246469360186664, 0.7199642923312728
