who, energy-over-distance, energy-over-time
4, 2.6206085934439076, 0.719391962141039
1, 2.6301289182645116, 0.7204495751622271
0, 2.620349823782796, 0.7196966980962965
5, 2.6360778148948714, 0.7214175599612807
9, 2.632726558407543, 0.7207363854730577
8, 2.6418253447143796, 0.7212383035170115
6, 2.6376336328458057, 0.7208977162729
3, 2.623783077425678, 0.7198401032517119
7, 2.639569242891851, 0.7205750546732155
2, 2.630614115490376, 0.720252393073531
