who, energy-over-distance, energy-over-time
2, 2.64172820760577, 0.7212768764015302
4, 2.6384827586206896, 0.7209376825522453
9, 2.631075313231447, 0.7202027625454615
8, 2.644036190344637, 0.7214087851206965
3, 2.6080711354309165, 0.7185256374017751
0, 2.6212745501991486, 0.7192982456140351
7, 2.6257470632685305, 0.7202781389564136
6, 2.6329889807162536, 0.7204288917783179
5, 2.6106019151846787, 0.7192228692030829
1, 2.622278689650436, 0.7195243748468917
