who, energy-over-distance, energy-over-time
2, 2.6394303340552603, 0.7215105848582706
7, 2.6521223306090165, 0.7218873340509508
5, 2.622751357362465, 0.7193039110154288
8, 2.6258507853403144, 0.7198241837100825
1, 2.622540367392299, 0.7197165410836024
4, 2.626782676959309, 0.7203623968424829
3, 2.617030995106036, 0.7195191962683889
9, 2.644650368033649, 0.7219411553641909
0, 2.633431661750246, 0.7207212055974166
6, 2.6305302484105657, 0.720021528525296
