who, energy-over-distance, energy-over-time
7, 2.622972688338131, 0.7197295162502167
1, 2.637311540087361, 0.7211744080759821
5, 2.6218151189724153, 0.7196139249041555
4, 2.6190209005470613, 0.7194020074363766
8, 2.629210322762112, 0.7203267382048664
3, 2.6418542298737036, 0.7213477950950739
2, 2.6382543711223914, 0.7209239601595161
6, 2.6434715172024816, 0.7223495867609379
0, 2.6493635077793494, 0.7217138343576011
9, 2.6268184693232133, 0.7200762902884004
