who, energy-over-distance, energy-over-time
0, 2.6437964551172097, 0.7209932367903015
7, 2.6480514837325706, 0.721792348022687
2, 2.62719454118985, 0.7204085212544097
6, 2.6264751883975546, 0.7200576919328746
5, 2.635942400912461, 0.7207008790223556
4, 2.613243626062323, 0.7191806186290369
1, 2.636629357667356, 0.720837312647397
9, 2.6330673885168827, 0.7204280117722728
8, 2.632673408346389, 0.720525464361588
3, 2.633922211141188, 0.7206618979866295
