who, energy-over-distance, energy-over-time
5, 2.6384800328387965, 0.7208497548784004
6, 2.616021938269444, 0.718318433785126
4, 2.6389914980944003, 0.7210740491524881
8, 2.6182284681322527, 0.719343779038098
0, 2.628474457253204, 0.7196321573904964
7, 2.6493147461914006, 0.7216027427985517
9, 2.6231884057971016, 0.7191515268031657
2, 2.6351010840902434, 0.7204332083693806
1, 2.635345838218054, 0.7202890191931814
3, 2.642421398404505, 0.7217148899355955
