who, energy-over-distance, energy-over-time
7, 2.647927721210383, 0.7218280263492249
0, 2.64201861130995, 0.7214566351961532
3, 2.612627986348123, 0.7182313962352666
2, 2.6413230240549828, 0.7211634316542543
9, 2.6330380108602456, 0.7203424617369378
4, 2.6289034649935834, 0.7207529466955961
6, 2.6330714285714287, 0.7205574776676635
8, 2.6526361155006466, 0.7218671201548115
5, 2.622853886158011, 0.719658320139174
1, 2.635908440629471, 0.7203033679313513
