who, energy-over-distance, energy-over-time
7, 2.6281519777593525, 0.7203299200598883
4, 2.6285491267440726, 0.7202630805015641
8, 2.631113931465391, 0.7205438066465257
2, 2.6313991508467134, 0.7207977969681576
0, 2.632159773426437, 0.7205839103815203
6, 2.652312677992733, 0.7220944843996471
1, 2.625773748598723, 0.7201695051199102
9, 2.6221929952749767, 0.7196080528299869
3, 2.6137645914396885, 0.7183782049568217
5, 2.632275390625, 0.7206507499398443
