who, energy-over-distance, energy-over-time
6, 2.6330668604651164, 0.7209001551991723
2, 2.6346573548668704, 0.7206016952524971
1, 2.618254255704455, 0.7191889848382347
0, 2.6331442699243746, 0.7205022086036054
5, 2.627295825771325, 0.7201042620080386
9, 2.6429561537900343, 0.7208205658800589
4, 2.632320883592501, 0.7208006685502806
8, 2.6274595222536847, 0.7200445700187035
3, 2.6369793183804253, 0.7205022086036054
7, 2.638646288209607, 0.7213776911138525
