who, energy-over-distance, energy-over-time
3, 2.6345050679318525, 0.7204562342977789
9, 2.629824259131633, 0.7201377667165992
0, 2.6373090532493313, 0.720880857739352
5, 2.6311457749816864, 0.720220332385794
6, 2.638668163758853, 0.720692136209764
2, 2.63085078872511, 0.719984430473809
7, 2.6226147498710675, 0.7197721187530225
4, 2.6307758620689654, 0.7199018648046143
8, 2.62983853606028, 0.7204208490109812
1, 2.624731090267619, 0.7195480119366368
