who, energy-over-distance, energy-over-time
3, 1.6873517786561265, 0.5345270143366931
6, 1.4359114015976762, 0.49514806235522446
7, 1.6388997268825596, 0.5259500406936706
5, 1.4936685630390898, 0.5095473611719777
4, 1.7607597494443321, 0.5455456082138609
1, 1.8087027914614122, 0.5516809616227384
2, 1.7843616371411117, 0.5486132849182996
9, 1.4383263901467125, 0.497151443060164
0, 1.6952551121699424, 0.5345896199837226
8, 1.4416909620991254, 0.4953358792963125
