who, energy-over-distance, energy-over-time
0, 1.67890625, 0.5362779961320108
5, 1.7887494941319304, 0.551500405515004
2, 1.5850701023114817, 0.5219290036808285
3, 1.8556403382140647, 0.5613575394597292
8, 1.4143656379714853, 0.48892632104310935
1, 1.4650444888323952, 0.5033377004179924
7, 1.766060606060606, 0.5453864869923264
6, 1.4513338139870224, 0.5023395096387797
4, 1.9013047138047139, 0.5636658556366586
9, 1.8295175797219951, 0.5583629671220912
