who, energy-over-distance, energy-over-time
8, 1.5995418973086466, 0.5232267732267732
3, 1.4676180021953897, 0.5008741258741258
9, 1.7692307692307692, 0.5471403596403597
0, 1.5864374403056352, 0.5185439560439561
5, 1.5714015509740873, 0.5187312687312687
2, 1.4337610699439725, 0.49531718281718284
4, 1.7541843113530953, 0.5431443556443556
7, 1.6100172051233035, 0.5258491508491508
1, 1.813347022587269, 0.5513861138861139
6, 1.820702402957486, 0.553508991008991
