who, energy-over-distance, energy-over-time
2, 1.704178163184864, 0.539729105548967
0, 1.7063476369388966, 0.538605580176019
1, 1.4754398826979471, 0.5024655140128581
8, 1.5907012195121952, 0.5210661007427752
3, 1.7969543147208122, 0.5523999750327695
7, 1.7492459280112609, 0.5429748455152612
6, 1.5376565128013455, 0.5135759315897884
4, 1.9806908388757778, 0.5762436801697771
9, 1.910180900294489, 0.5668185506522689
5, 1.5632054176072234, 0.5186942138443293
