who, energy-over-distance, energy-over-time
8, 1.8875888006686168, 0.5642018486135398
9, 1.782035685320357, 0.5489008243817137
1, 1.416058394160584, 0.49675243567324506
6, 1.683127572016461, 0.5364101923557332
7, 1.6297724643270344, 0.5278541094179365
0, 1.806696795398521, 0.5492755433424932
2, 1.561772437101014, 0.5194853859605296
4, 1.418558912926873, 0.495503372470647
5, 1.7487961476725522, 0.5443417436922309
3, 1.5920045906656466, 0.5197976517611791
