who, energy-over-distance, energy-over-time
6, 1.4860932031681708, 0.5033691040678812
3, 1.7646586345381525, 0.5482904916396306
5, 1.5966672978602536, 0.5260793611180434
0, 1.6564251207729468, 0.5348140753681058
8, 1.8022403258655804, 0.552096331420015
9, 1.8018292682926829, 0.553094584477165
1, 1.4695668067994883, 0.5016221612178687
4, 1.7218344965104686, 0.5387446967806339
2, 1.8280254777070064, 0.5550910905914649
7, 1.4153082919914954, 0.49837783878213127
