who, energy-over-distance, energy-over-time
6, 1.7745711402623612, 0.5475775314484992
5, 1.6482343810632518, 0.5290198032133516
0, 1.8165983606557377, 0.5520612778677295
2, 1.855580771611306, 0.5600946568688504
4, 1.8147321428571428, 0.5569186698218956
7, 1.4320457796852646, 0.4986922406277245
8, 1.9266652658121455, 0.5709926516378129
1, 1.5138580931263859, 0.5102129779549135
3, 1.67067028283611, 0.5370531822144725
9, 1.617208413001912, 0.5267156557479138
