who, energy-over-distance, energy-over-time
3, 2.6378991036373063, 0.7209321158868666
4, 2.6153053715967625, 0.7195756483712267
1, 2.63855154028436, 0.721377523130808
0, 2.640468599392007, 0.7209928532383131
6, 2.6216176362161763, 0.7198793351284595
8, 2.6287380934800266, 0.7207701496163424
9, 2.635899333826795, 0.7209726074544976
2, 2.627659574468085, 0.7201020387504302
5, 2.6266332029231565, 0.720405725507663
7, 2.63212013611481, 0.7203652339400319
