who, energy-over-distance, energy-over-time
3, 2.64754414372735, 0.7216022529054494
5, 2.630900299332259, 0.720383330180947
4, 2.6349804042111735, 0.7206145051804216
6, 2.62557497700092, 0.7197528529096526
8, 2.6492594878124036, 0.7217913960868377
2, 2.6203356064669374, 0.7187020574574953
1, 2.646695967306654, 0.7213710779059749
0, 2.639984591679507, 0.7201521551814724
9, 2.6455715717258923, 0.7212870142698022
7, 2.640745303356945, 0.7208036483618099
