who, energy-over-distance, energy-over-time
4, 2.6112263033175354, 0.7185035760132037
7, 2.6192242082622563, 0.7195835116245899
8, 2.6382280557834292, 0.7208264563848646
0, 2.6133451825520253, 0.7190333557470913
2, 2.6414277180406214, 0.7207857040976425
1, 2.6356791411957654, 0.7203985573690324
5, 2.6337702964397436, 0.7205208142306987
3, 2.6396987547535606, 0.7213358599751412
9, 2.6365737289399136, 0.720643071092365
6, 2.6485981308411213, 0.7218248874218065
