who, energy-over-distance, energy-over-time
7, 2.644730958414071, 0.7214271193331978
6, 2.623295791345584, 0.7197397845090465
3, 2.634182574463344, 0.7209595446228908
5, 2.622973873140404, 0.7204513112421224
1, 2.6273158440788498, 0.7207359219353527
2, 2.6547112007771054, 0.7222606220776581
9, 2.62617653598162, 0.7203699939011994
0, 2.6465941272916975, 0.7219353527139662
4, 2.6264917352308945, 0.7203496645659687
8, 2.6228706858243225, 0.7199430778613539
