who, energy-over-distance, energy-over-time
8, 2.6501289637384313, 0.7218812638191474
4, 2.6426840351408662, 0.7210546979935114
6, 2.651134552629582, 0.7218812638191474
1, 2.632875056655084, 0.7202281321678755
2, 2.6422247446083995, 0.7215299733432521
5, 2.632063372312335, 0.7209307131196661
7, 2.6180518992102293, 0.7192569173227533
0, 2.614847095950109, 0.7191329324489079
3, 2.6337538717232003, 0.7204141094786436
9, 2.630628588697492, 0.719504887070444
