who, energy-over-distance, energy-over-time
7, 2.6434359805510534, 0.7218120737864859
9, 2.630121897488618, 0.7205045161030758
8, 2.621308712537554, 0.7196194001327674
6, 2.630516190616051, 0.7206654462794955
3, 2.6373804267844, 0.7210074229043874
1, 2.6463603510583376, 0.7218120737864859
2, 2.6282399588809753, 0.7200418418458692
5, 2.6186012449652143, 0.7192975397799279
0, 2.645194575471698, 0.7219730039629056
4, 2.6385843572952687, 0.7213896320733841
