who, energy-over-distance, energy-over-time
9, 2.629930261804047, 0.719932400713548
0, 2.6345999771088473, 0.7203861922198229
1, 2.6309346756663996, 0.7197133289518981
2, 2.6286628205860514, 0.720120176509248
5, 2.621395189786846, 0.7197289769348731
7, 2.6423696736823996, 0.7209808155728726
8, 2.636056757066026, 0.7209495196069227
4, 2.6236381267469056, 0.7197289769348731
6, 2.636571690124728, 0.7210903514536976
3, 2.6313622326432573, 0.719994992645448
