who, energy-over-distance, energy-over-time
8, 2.635813148788927, 0.720819467882095
0, 2.6301969365426694, 0.7203621051303484
6, 2.634487925767967, 0.7209140946583185
2, 2.6320156736199145, 0.7203621051303484
3, 2.6148590457598897, 0.718264544924062
9, 2.624281113411548, 0.7196524043086725
7, 2.624130197251136, 0.7196524043086725
1, 2.630457320585186, 0.720267478354125
4, 2.6382106782106782, 0.7208510101408362
5, 2.6206480523957256, 0.7194000662387433
