who, energy-over-distance, energy-over-time
3, 2.635527950310559, 0.7205787453724145
7, 2.6494517817094443, 0.7222259959922562
6, 2.629237156844519, 0.7205108175118025
4, 2.625, 0.7200183405223652
8, 2.6273538156590686, 0.7203070339299664
0, 2.6186267845003397, 0.719559827463234
9, 2.6360419641194364, 0.7211221682573107
2, 2.632542835857959, 0.7201202323132833
1, 2.623583328172416, 0.719406989776857
5, 2.6627041231308266, 0.7227184729816934
