who, energy-over-distance, energy-over-time
4, 2.635466252442752, 0.7205819895603568
5, 2.627212721272127, 0.7198010713649629
1, 2.6221856123009335, 0.7196092668959186
0, 2.6195489472108573, 0.7192804592347002
3, 2.626680661768381, 0.7199791755147895
7, 2.6163619152010362, 0.7194448630653094
9, 2.6295833124906207, 0.7201983806222685
8, 2.6324987481221833, 0.7202394815799208
2, 2.6257871064467766, 0.7198421723226152
6, 2.6197864697665136, 0.7194174624268745
