who, energy-over-distance, energy-over-time
3, 2.6199018920812893, 0.7190445051352079
7, 2.636534221513346, 0.7206344321780719
0, 2.6228795738118604, 0.7196599607647036
2, 2.6210762331838566, 0.7194676308804863
8, 2.6327257391874794, 0.720403636317011
6, 2.6376430850065677, 0.7209036940159762
9, 2.6471583697644903, 0.7220448513289995
4, 2.6174700200643928, 0.7192496570117065
5, 2.646743475193981, 0.7216601915605647
1, 2.629868913857678, 0.7202625944019182
