who, energy-over-distance, energy-over-time
8, 2.625824528632304, 0.7196589127443765
4, 2.629750715161422, 0.7206508175215179
9, 2.6382368436457297, 0.7210347806610565
2, 2.643971381656111, 0.7212907560874157
3, 2.63644876221689, 0.7207148113781077
0, 2.6227558871531826, 0.7198668927782933
1, 2.6277316816641347, 0.7194669311746072
5, 2.631951347874393, 0.72007487281221
7, 2.622485276109394, 0.7194989281029022
6, 2.6371458674783423, 0.7207788052346975
