who, energy-over-distance, energy-over-time
6, 2.6276542662305262, 0.7196544079686599
5, 2.627409705295812, 0.7201858544140424
9, 2.6252284179633425, 0.7198669865468128
2, 2.6493086529884033, 0.7215220626195754
4, 2.6200143829175193, 0.719153329891585
1, 2.643664088151817, 0.7213094840414225
8, 2.615928421517729, 0.7191836982598925
0, 2.633398058252427, 0.7207476692277324
7, 2.628229293713272, 0.719851802362659
3, 2.6250346011183083, 0.7199732758358893
