"","Knowledge.Mutual","History.Mutual","Knowledge.Self","History.Self","Knowledge.Opponent","History.Opponent"
"Attack Proportion",0.5,0.500055493895671,0.5,0.500055493895671,0.5,0.5
"Directional Consitancy Index",0.32,0.275270756343927,0.358222222222222,0.267273712737127,0.323111111111111,0.266666666666667
"Triangle Transitivity",0.131632069338184,0.0364938388881213,0.522194240568963,-0.0519748235352762,0.274722676902399,-0.0738267138153167
"Steepness",0.217036220393735,0.178411456080891,0.36886059162728,0.138936875617511,0.295339792254466,0.151153580012475
"Average Attacks",450,450.1,450,450.1,450,450
"Average Avoids",450,450,450,450,450,450
