who, energy-over-distance, energy-over-time
8, 1.7583465818759936, 0.5405669599217986
2, 1.6697388632872503, 0.5312805474095796
6, 1.7181347150259068, 0.5402411208862822
9, 1.6248101265822785, 0.5228087324861519
0, 1.695629820051414, 0.5373085695666341
4, 1.7410296411856474, 0.5454545454545454
7, 1.647623862487361, 0.5309547083740632
3, 1.6658227848101266, 0.5360052134245683
1, 1.6195219123505975, 0.5298142717497556
5, 1.6498983739837398, 0.5289996741609645
