who, energy-over-distance, energy-over-time
7, 1.49169921875, 0.506885681101709
2, 1.6472727272727272, 0.5261324041811847
3, 1.6897810218978102, 0.537746806039489
8, 1.5624067628045748, 0.5213207234113157
0, 1.5014691478942213, 0.5087108013937283
1, 1.6442605997931747, 0.5276256844201095
6, 1.6290240163515586, 0.5289530446324872
5, 1.6381544841886988, 0.5243072838891655
4, 1.6127551020408164, 0.5244732039157126
9, 1.6217721518987342, 0.5314418450306952
