who, energy-over-distance, energy-over-time
1, 1.5790523690773068, 0.523305785123967
3, 1.4995064165844028, 0.5021487603305785
9, 1.6420454545454546, 0.5254545454545455
7, 1.5474525474525473, 0.5120661157024793
2, 1.7142857142857142, 0.5454545454545454
4, 1.6504106776180698, 0.531404958677686
5, 1.699421965317919, 0.5345454545454545
8, 1.6973058637083993, 0.5310743801652893
0, 1.5994910941475826, 0.519504132231405
6, 1.5671492760858712, 0.5188429752066116
