who, energy-over-distance, energy-over-time
7, 1.5276381909547738, 0.5053191489361702
2, 1.6885758998435054, 0.5380651595744681
8, 1.6225165562913908, 0.5294215425531915
5, 1.6668410041841004, 0.5297539893617021
9, 1.6725297465080187, 0.5374002659574468
3, 1.5547150781643975, 0.512466755319149
0, 1.689727463312369, 0.535904255319149
1, 1.6938883034773446, 0.534408244680851
4, 1.6724409448818898, 0.5295877659574468
6, 1.6495327102803738, 0.528091755319149
