who, energy-over-distance, energy-over-time
7, 1.6659685863874345, 0.5308641975308642
9, 1.6626819126819128, 0.5337003670337004
4, 1.612853470437018, 0.5233566900233567
8, 1.6310928681375063, 0.5303636970303637
0, 1.5343283582089553, 0.5145145145145145
5, 1.6351003602676273, 0.53003003003003
2, 1.644559585492228, 0.5295295295295295
3, 1.631767109295199, 0.5330330330330331
6, 1.6609105180533752, 0.5295295295295295
1, 1.6186790505675954, 0.5233566900233567
