who, energy-over-distance, energy-over-time
1, 1.6378136549309472, 0.5290606346214263
4, 1.5846094946401226, 0.5201382343700911
9, 1.6605738993710693, 0.5308828149544454
0, 1.5945116100556516, 0.522086082312284
8, 1.6732128829536528, 0.5353440150801131
3, 1.5114104002992892, 0.5076971410618913
6, 1.508306888183685, 0.5076971410618913
7, 1.5294896030245746, 0.5083883129123469
2, 1.4907373101148573, 0.5056236255105246
5, 1.559894359554801, 0.5195727301288093
