who, energy-over-distance, energy-over-time
4, 1.7720113085621971, 0.5474111041796631
9, 1.4727172515157083, 0.5000623830318154
7, 1.404335363668936, 0.48902058640049906
2, 1.69642154935116, 0.5382407985028073
5, 1.4608902729437625, 0.49750467872738613
0, 1.6813985464545276, 0.5339987523393637
6, 1.6128288841943537, 0.5238927011852776
8, 1.5569283406196541, 0.5109794135995009
1, 1.531700018702076, 0.5109170305676856
3, 1.5034088815183342, 0.5089831565814098
