who, energy-over-distance, energy-over-time
1, 1.803857201477226, 0.5528169014084507
2, 1.649980445834963, 0.5305583501006036
3, 1.4423392239023503, 0.4977992957746479
7, 1.6813446038922744, 0.5377892354124748
8, 1.6584265254071022, 0.5315015090543259
5, 1.7284223203532718, 0.5414361167002012
9, 1.5767094426355104, 0.5176056338028169
6, 1.6195462478184992, 0.5251509054325956
4, 1.7753402396912452, 0.5495472837022133
0, 1.4761554041612963, 0.5040870221327968
