who, energy-over-distance, energy-over-time
5, 1.5740495555135237, 0.5203526542862502
6, 1.598231449442522, 0.5198524354405052
4, 1.4019957234497504, 0.4919652347902207
2, 1.485645933014354, 0.5047833427124367
3, 1.768888888888889, 0.5474895266679172
7, 1.6581112852664577, 0.529169011442506
9, 1.5837025621267578, 0.5140373913587194
0, 1.6148804934464147, 0.5238541862064653
8, 1.7557668959935249, 0.5425498655661852
1, 1.4902470741222367, 0.5015944475708123
