who, energy-over-distance, energy-over-time
2, 1.5846386110586903, 0.523666978484565
7, 1.5087101556708673, 0.5077019020891799
1, 1.5726125447353552, 0.5206735266604303
9, 1.7794799435597661, 0.5505456813221079
0, 1.4782847718526664, 0.5030869971936389
6, 1.50259355316784, 0.5058309946990958
8, 1.4633169488439832, 0.5012784533832242
5, 1.5915225242349362, 0.5221702525724976
4, 1.598699311400153, 0.5212347988774556
3, 1.7499501097585313, 0.546866230121609
