who, energy-over-distance, energy-over-time
6, 2.632766787405963, 0.7203628878554548
3, 2.6314727171492205, 0.7206106579248304
7, 2.635812364954346, 0.7207440725775711
0, 2.6217436609934004, 0.719295570633529
9, 2.6424081575639056, 0.7210871388274758
5, 2.6272436343397803, 0.7197529923000686
8, 2.6255041023501597, 0.7196767553556453
4, 2.6302018093249826, 0.7203628878554548
2, 2.6237403572173186, 0.7195433407029046
1, 2.634666295109377, 0.7207821910497827
