who, energy-over-distance, energy-over-time
9, 2.6392320085929106, 0.7204324720542422
2, 2.634038564542046, 0.7209455744914788
5, 2.625877632898696, 0.719626168224299
7, 2.6145132271606584, 0.7190031152647975
3, 2.6326325656132834, 0.7205607476635514
6, 2.6369977865718695, 0.7204507971412865
1, 2.630036139740329, 0.7201392706615356
4, 2.638404825737265, 0.7213670514934946
8, 2.6427325191249498, 0.7216785779732454
0, 2.6318677641705146, 0.7206890232728606
