who, energy-over-distance, energy-over-time
3, 2.6339777151295474, 0.7208251437388636
2, 2.617312834224599, 0.7192453939271478
5, 2.638116350933763, 0.7213762192545785
1, 2.62706978615003, 0.7198515769944341
6, 2.6159294400641455, 0.719153548007862
9, 2.6132327413539858, 0.7189882253531475
4, 2.6388627503696735, 0.7211925274160069
7, 2.635533472100987, 0.7210088355774353
0, 2.6277059178339255, 0.7202189606715773
8, 2.6280753502715024, 0.7201271147522915
