who, energy-over-distance, energy-over-time
5, 2.608931281161934, 0.7181501740427648
9, 2.6424511804138735, 0.721332670313277
3, 2.639673754733469, 0.7209945300845351
7, 2.6311392037198487, 0.7203381402287419
6, 2.6502959877219907, 0.7213127797115862
4, 2.6356160395895496, 0.7203580308304326
1, 2.621504129836256, 0.7196817503729488
0, 2.633832509450422, 0.7206563898557932
2, 2.624854988399072, 0.7200795624067629
8, 2.6312690798081118, 0.7200596718050721
