who, energy-over-distance, energy-over-time
5, 2.6313565496138716, 0.7202855775366943
7, 2.6321621227584195, 0.7200861518825782
2, 2.633600583090379, 0.7205847160178686
6, 2.649121522693997, 0.7216616145500957
4, 2.64041496201052, 0.7207641991065731
3, 2.62673648992654, 0.7202257498404595
8, 2.6487040562307804, 0.721442246330568
1, 2.6348581016998613, 0.7202456924058711
0, 2.6270742358078603, 0.7198468410976387
9, 2.6288022121961867, 0.7204251754945756
