who, energy-over-distance, energy-over-time
4, 2.6285412401769794, 0.7203170524258492
5, 2.6293114840755916, 0.7200998932300621
7, 2.6287092723547683, 0.7197922510360303
1, 2.620789664491464, 0.7195208020412964
9, 2.630782447792757, 0.7204075354240939
0, 2.6183673469387756, 0.7197560578367325
8, 2.6193267900665305, 0.7195931884398922
2, 2.6312033304698343, 0.7205704048209342
6, 2.6479883149648122, 0.7217647803977633
3, 2.6357379219060224, 0.7207151776181255
