who, energy-over-distance, energy-over-time
5, 2.620232061883169, 0.7192041585825676
8, 2.6214647812166487, 0.7193505875462166
6, 2.6249416160672583, 0.7200644287440056
4, 2.6401903612842683, 0.7209613061463558
2, 2.6309101852471075, 0.7200644287440056
1, 2.645964818047536, 0.7213273785554782
7, 2.630963517305893, 0.72070505545997
3, 2.625408687529192, 0.7201925540871984
0, 2.6389335476956055, 0.7210528242486364
9, 2.5997878265482033, 0.7176849580847091
