who, energy-over-distance, energy-over-time
8, 1.9657008947592671, 0.5751418063953126
6, 1.4423480083857443, 0.5146169669014523
1, 1.6069893477854607, 0.5359970080408901
5, 1.8055611122224444, 0.5626129776226392
7, 1.2436305732484076, 0.48681668017203766
4, 1.6576645112209967, 0.5432899083712522
0, 1.3353383458646617, 0.49816119179704543
3, 2.0079741379310345, 0.5807517297263604
9, 1.2069236821400473, 0.4780901327681855
2, 1.4763079091069227, 0.5224085270834632
