who, energy-over-distance, energy-over-time
4, 1.4108144873320865, 0.5093308778391651
3, 1.2549300254452926, 0.4844076120319214
5, 1.2903901967107385, 0.4912829957028852
9, 1.503266819706869, 0.5225905463474524
2, 1.6137083255727322, 0.5318600368324126
6, 1.845356634830319, 0.5574585635359116
1, 1.886335658596635, 0.5643953345610804
7, 1.5590309166516, 0.5293431553100061
8, 1.5400753093060786, 0.527255985267035
0, 1.385341196293176, 0.5047268262737876
