who, energy-over-distance, energy-over-time
6, 1.4571078431372548, 0.5140192687747036
0, 1.2841494845360826, 0.4923418972332016
1, 1.8128643216080402, 0.5570034584980237
3, 1.4063724654966774, 0.50975790513834
2, 1.2954767328343637, 0.49172430830039526
7, 1.6788085752229178, 0.5465044466403162
8, 1.2288533834586466, 0.4844985177865613
4, 1.256080114449213, 0.4880187747035573
5, 1.8312474767864353, 0.5602766798418972
9, 1.6175763182238667, 0.5399580039525692
