who, energy-over-distance, energy-over-time
3, 1.720984305367177, 0.5537751730157741
1, 1.4832451499118167, 0.524346904420475
5, 1.283454398708636, 0.4957291601720806
8, 1.2049475497103492, 0.47983041336741694
7, 1.765332281601262, 0.5581395348837209
6, 1.4259578874697962, 0.5151193964711017
4, 2.118236472945892, 0.5931167778539809
0, 1.2379902346826273, 0.49005548974374963
9, 1.7074672825250192, 0.5531516927489245
2, 2.0158008658008657, 0.5806471725169898
