who, energy-over-distance, energy-over-time
8, 1.5040157058718544, 0.5208281829419036
3, 1.7394130391963758, 0.5457972805933251
2, 1.1348042919752153, 0.4640914709517923
5, 1.1789392774788625, 0.47398022249690974
1, 1.9044719714465672, 0.5606304079110013
9, 1.288787483702738, 0.4887515451174289
0, 1.5735294117647058, 0.5290482076637825
7, 1.4673988842398884, 0.5202101359703337
4, 1.7652276759314016, 0.5534610630407911
6, 1.5857825128581926, 0.5335599505562423
