who, energy-over-distance, energy-over-time
8, 1.5209118650152575, 0.5259139718204953
9, 1.2158444022770398, 0.4772515672521879
0, 1.7462539432176656, 0.5497486189559928
3, 1.7718669057581191, 0.5519831171249457
4, 1.471912103491051, 0.5155483830922972
6, 1.7811938510680774, 0.5537831295388244
5, 1.5518755718206771, 0.5264105269691515
1, 1.118552036199095, 0.4603066228042952
7, 1.2587311759051587, 0.4876792253739681
2, 1.3397048960429243, 0.4959344547203774
