who, energy-over-distance, energy-over-time
8, 2.6225368654573926, 0.7197757919808027
1, 2.65595363540569, 0.7221933704625634
5, 2.6329014526894388, 0.7205458354972153
7, 2.6363993453355157, 0.7211726151035978
3, 2.6321297749869177, 0.7206174674522304
9, 2.6367683645410502, 0.7212263390698591
0, 2.6265178221699963, 0.7204921115309539
2, 2.638817901841295, 0.7211726151035978
4, 2.638364779874214, 0.7211905230923515
6, 2.621101396319979, 0.7193818162282194
