who, energy-over-distance, energy-over-time
4, 2.639354202986432, 0.7214245757971285
3, 2.6351238730206834, 0.7205958522385895
2, 2.6260580411124548, 0.7199121553027948
7, 2.6327148807269976, 0.7202643628151739
6, 2.6194857099766233, 0.7196842563241966
0, 2.6372392870686387, 0.7204093894379182
1, 2.6294838807325562, 0.7198707191248679
5, 2.638501213592233, 0.7206994426834069
8, 2.627221172022684, 0.7198500010359045
9, 2.6274924471299093, 0.7207408788613339
