who, energy-over-distance, energy-over-time
7, 2.6372169676124964, 0.7200993915204164
2, 2.634315548562437, 0.7206472187983017
3, 2.6223108704943723, 0.7202363483398877
6, 2.624197460408047, 0.7197276515818513
0, 2.635355558735155, 0.7207254798379996
4, 2.626586792183711, 0.7205885230185283
5, 2.636324602833834, 0.7207841756177731
8, 2.6279186004998216, 0.7200798262604918
9, 2.6289631533847473, 0.7203146093795856
1, 2.6421505376344085, 0.7211363502964137
