who, energy-over-distance, energy-over-time
2, 2.637640235060673, 0.7206664303438497
5, 2.6241253422573774, 0.7194361615613988
8, 2.6214654910307083, 0.7191442333757324
7, 2.6313504455784904, 0.7203745021581833
9, 2.633973479652492, 0.7207081343703735
4, 2.62797777608646, 0.7199991659194696
3, 2.620212765957447, 0.7190191212961612
0, 2.6477698722362484, 0.7216673269804199
1, 2.6391264508246794, 0.7206872823571115
6, 2.63895668090299, 0.7215213628875868
