who, energy-over-distance, energy-over-time
1, 2.6505281690140845, 0.7219325061439789
8, 2.634902075416545, 0.7204139942856002
9, 2.6240617940683526, 0.7194948950028972
6, 2.6410125100592583, 0.7212931327299247
4, 2.616871321659522, 0.7196147775180324
5, 2.639102142282664, 0.7211932306339787
0, 2.611397459165154, 0.7187356390737077
7, 2.6221704636436423, 0.7198145817099243
2, 2.6332652167566777, 0.72091350476533
3, 2.6266861100984324, 0.719794601290735
