who, energy-over-distance, energy-over-time
8, 2.622530589924123, 0.7195776127241353
9, 2.6316330728095436, 0.7199527346387576
2, 2.6245297215951844, 0.7196338810113286
7, 2.629297356526503, 0.7201027834046065
3, 2.6246837606837605, 0.7199714907344887
0, 2.6377179733626255, 0.7206279540850776
5, 2.6287240599958905, 0.7198964663515642
1, 2.647135685303624, 0.7219596368819866
6, 2.6273262178434593, 0.7202528321704554
4, 2.6361702127659576, 0.7204028809363043
