who, energy-over-distance, energy-over-time
6, 1.4481454807346057, 0.500747104968248
2, 1.5455048920066456, 0.5212302328477151
8, 1.9174292845257903, 0.5739633918565559
1, 1.828473066018631, 0.5621342298592952
0, 1.6079170593779453, 0.5310671149296476
4, 1.651266189831819, 0.5318142198978957
5, 1.890785684903332, 0.5723446644253518
3, 1.444384739387426, 0.5020545386626821
7, 1.3961931617906238, 0.49321379653841363
9, 1.5706278026905829, 0.5233470302577512
