who, energy-over-distance, energy-over-time
6, 1.5140134529147982, 0.5064058496343978
7, 1.45906432748538, 0.4989688144490969
0, 1.4735396447537081, 0.5029060683707268
4, 1.5065055762081785, 0.5065308418223861
9, 1.9033684210526316, 0.5650271858008874
1, 1.4649203150760213, 0.49978126367102055
8, 1.5570342205323193, 0.5118430098118868
2, 1.497965223825379, 0.5060933691644273
3, 1.5158463832960478, 0.5081557402662333
5, 1.6583041618047452, 0.532904193487907
