who, energy-over-distance, energy-over-time
9, 1.6681085332284704, 0.5351668453920394
1, 1.488644825018615, 0.5044471078029396
7, 1.8667366211962224, 0.5610925376900271
5, 1.5846942650968476, 0.5263987888727686
4, 1.5308548782789206, 0.5117012552829118
6, 1.4864614243323442, 0.5055825395824134
0, 1.474535760250046, 0.505897937298934
3, 1.9503849443969203, 0.5752854349334511
2, 1.4555514570269272, 0.49782375575600835
8, 1.429353778751369, 0.4939128240711537
