who, energy-over-distance, energy-over-time
6, 1.4610007358351729, 0.5003780241935484
3, 2.0175901495162707, 0.578125
2, 1.6199183038319394, 0.5246975806451613
9, 1.5313854853911404, 0.5118447580645161
1, 1.4439742410303589, 0.4944556451612903
8, 1.603985296962662, 0.5223664314516129
4, 1.5981936971560338, 0.5240045362903226
5, 1.425350063647936, 0.4938256048387097
0, 1.4817220263499722, 0.5030871975806451
7, 1.5268957788569295, 0.5150579637096774
