who, energy-over-distance, energy-over-time
8, 1.548989994336417, 0.5161675893306492
0, 1.4880996653030867, 0.5034599899345747
9, 1.4475754803293688, 0.4976723704076497
1, 1.5116365667473468, 0.5107574232511324
3, 1.4814338235294118, 0.5069828887770508
5, 1.401658554173427, 0.48911675893306494
4, 1.414735698769008, 0.4916331152491193
7, 1.4172221221401549, 0.4949043784599899
2, 1.851844134194624, 0.559071464519376
6, 1.610334928229665, 0.5293155510820332
