who, energy-over-distance, energy-over-time
7, 1.5109145652992095, 0.5028181362725451
2, 1.6346827559361619, 0.5259894789579158
9, 1.5896452540747843, 0.5191633266533067
1, 1.5790076335877863, 0.5181613226452906
8, 1.5744036349867474, 0.5207915831663327
6, 1.461439588688946, 0.49843436873747493
3, 1.6427195685670262, 0.5341307615230461
0, 1.6076804322655345, 0.5217309619238477
5, 1.6037735849056605, 0.5216683366733467
4, 1.47345214036377, 0.502254509018036
