who, energy-over-distance, energy-over-time
7, 2.623440158820193, 0.719905831079635
2, 2.6339729921819472, 0.7210537580014398
0, 2.628186013489528, 0.7202365896842228
6, 2.633461319681456, 0.7206062610658209
4, 2.636098670647615, 0.7214817985485534
1, 2.638402392140111, 0.7210343016129346
8, 2.6389858272202833, 0.7209370196704088
5, 2.6231832683445586, 0.7198863746911298
3, 2.640797436810253, 0.7216374496565947
9, 2.634515601677447, 0.7211510399439656
