who, energy-over-distance, energy-over-time
7, 2.621283150281275, 0.7187637725870427
8, 2.631907188841202, 0.720710298222418
9, 2.610496132301947, 0.7188739532833848
1, 2.6185670364924474, 0.7194615836638755
2, 2.638741343373899, 0.7206919347730277
6, 2.638360765871683, 0.7211693844571765
5, 2.627956845138377, 0.7201593947407081
3, 2.6269436997319033, 0.7197370354047304
4, 2.6251172136637644, 0.7197186719553401
0, 2.6331476136134793, 0.7203246657852211
