who, energy-over-distance, energy-over-time
5, 2.6227493189821276, 0.7200576410929919
0, 2.6421509686038744, 0.7214804275655758
9, 2.625673428666445, 0.7200941227974171
6, 2.625257834852618, 0.7196928240487396
3, 2.610820475465201, 0.7191638393345737
7, 2.6183651804670913, 0.7198569917186531
4, 2.6259064599827022, 0.7199664368319287
2, 2.63095158820004, 0.7206778300682208
1, 2.640491452991453, 0.7213162598956623
8, 2.6455129062458207, 0.7216263543832768
