who, energy-over-distance, energy-over-time
3, 2.62869684104483, 0.7200496708321835
4, 2.6455156464551566, 0.7215279694090748
9, 2.640129916997474, 0.7209957819213939
1, 2.632917777617641, 0.7201679347183348
6, 2.6129516994633275, 0.7197540111168053
7, 2.6414440433213, 0.7210943351598533
0, 2.648986975397974, 0.7215871013521504
2, 2.6256738302307197, 0.7200496708321835
5, 2.6305787503599194, 0.7203059092521781
8, 2.616906861690686, 0.7193992194583514
