who, energy-over-distance, energy-over-time
4, 2.6296770522122634, 0.7201044081266923
8, 2.6289898343641145, 0.7203771159202914
9, 2.6460714285714286, 0.7216043009914876
0, 2.6451474683996286, 0.7215069053509164
2, 2.642123287671233, 0.7213510723260027
3, 2.636214636927243, 0.7206108654576621
7, 2.6204793646291304, 0.7198317003330931
6, 2.621746223136393, 0.7200264916142354
5, 2.6453733476241514, 0.7211562810448604
1, 2.619645390070922, 0.7195005551551512
