who, energy-over-distance, energy-over-time
2, 2.635403191030617, 0.7212485985720186
9, 2.640850144092219, 0.7209732302669105
4, 2.6279620853080567, 0.7198324187171771
3, 2.6288297338021094, 0.7206388544678507
0, 2.6271429596155227, 0.7203831553273933
1, 2.626290877796902, 0.7203044786687909
5, 2.6272512018368372, 0.720206132845538
7, 2.619405656999642, 0.7194980429181173
6, 2.6346900618438083, 0.7206388544678507
8, 2.638608870967742, 0.7207765386204048
