who, energy-over-distance, energy-over-time
0, 2.6240296996287547, 0.7198274265822316
4, 2.6364621427603954, 0.7208458319445987
8, 2.62289107841814, 0.719660778432026
3, 2.621257081197734, 0.719697811354294
6, 2.64502340728679, 0.7218642373069659
7, 2.6341347781916693, 0.7201607228826427
5, 2.6207757166947725, 0.7194200644372848
1, 2.6405180012204217, 0.7211235788616079
9, 2.633074061548867, 0.7208458319445987
2, 2.6277969309808693, 0.7197903936599637
