who, energy-over-distance, energy-over-time
2, 2.6260366735144185, 0.7198064610315127
1, 2.639749656540986, 0.7213080564766732
5, 2.6287844211166895, 0.720724102692444
0, 2.657057425438933, 0.7227679409372458
9, 2.638804148871263, 0.7216000333687876
8, 2.620092641810312, 0.7195979061085737
4, 2.643643031784841, 0.7216000333687876
3, 2.619958988380041, 0.7194519176625164
7, 2.624705435195743, 0.7200984379236272
6, 2.6200091088507667, 0.7198481720161004
