who, energy-over-distance, energy-over-time
5, 2.616935778475926, 0.7195692789842698
3, 2.641495547214249, 0.721015730156498
2, 2.6514559528197568, 0.7225626293267975
6, 2.6159409701928698, 0.7193482933885128
1, 2.6335608896718785, 0.7207545653615124
9, 2.6412707751139872, 0.7215380597464692
7, 2.640944534353391, 0.721236715752255
4, 2.6382822266343116, 0.7207746549611266
8, 2.633920704845815, 0.7206942965626695
0, 2.627849028948333, 0.7203527733692268
