who, energy-over-distance, energy-over-time
7, 2.640235159162604, 0.7214701330250964
1, 2.615636570777556, 0.7196677311286562
9, 2.6334669912644997, 0.720549340751915
2, 2.626241692274709, 0.7199616010030758
8, 2.6343315661269524, 0.7203730188272632
0, 2.6356861340021496, 0.7205885234018377
5, 2.6292641064149325, 0.7202750622024567
3, 2.6313116864540125, 0.7207844366514508
4, 2.6126299302292466, 0.7189428521050879
6, 2.6420825852782763, 0.7207844366514508
