who, energy-over-distance, energy-over-time
2, 2.630571831194838, 0.7207917572703071
1, 2.63464824307258, 0.7207307903347084
7, 2.6225199881551675, 0.7199178978600606
4, 2.6185475521372577, 0.7195724185583352
9, 2.6580558459011496, 0.7235149470603776
6, 2.6168403932874993, 0.7193691954396733
0, 2.6398125418433387, 0.7211778811957649
5, 2.6216476515039266, 0.719145650009145
8, 2.6266399822103623, 0.7201414432905887
3, 2.606679445591271, 0.7185359806531592
