who, energy-over-distance, energy-over-time
8, 2.6087727484834344, 0.719177729751981
0, 2.639856846863816, 0.7211587938664197
2, 2.6205378056778788, 0.7195893794380982
9, 2.6249648580264267, 0.7206699598641556
3, 2.6288504883546207, 0.7201811258618915
7, 2.6233705336209323, 0.7196922918596275
5, 2.640402899369293, 0.7216476278686837
6, 2.625598647760353, 0.7193578264896573
1, 2.6388941132217414, 0.7219820932386539
4, 2.656078653809794, 0.7228568488216528
