who, energy-over-distance, energy-over-time
7, 2.6157872520050653, 0.7195374004319454
5, 2.632337970817781, 0.7206056524465293
0, 2.624216765453006, 0.7197231833910035
1, 2.619152355976652, 0.7190032744246534
4, 2.618017408941097, 0.7194212860825341
3, 2.6162427110622835, 0.7189336058150066
2, 2.633316361167685, 0.7206288753164116
9, 2.6315119633463433, 0.7202573093982955
8, 2.626970672995423, 0.7197464062608857
6, 2.6570477247502775, 0.7227421564756973
