who, energy-over-distance, energy-over-time
1, 2.6462163159837577, 0.7215500754906895
9, 2.6391509433962264, 0.7208454957221943
5, 2.6445854234287403, 0.7216909914443885
8, 2.6443116423196105, 0.7215098137896326
0, 2.612265807962529, 0.7185505787619527
2, 2.634765337648963, 0.7210266733769501
7, 2.6405455215628457, 0.721066935078007
4, 2.6225986214987533, 0.7200201308505284
6, 2.6205582826580702, 0.7200402617010568
3, 2.6297875468646623, 0.720140915953699
