who, energy-over-distance, energy-over-time
5, 2.624752894662525, 0.7197034226420939
7, 2.6507102272727274, 0.7225104537711011
6, 2.6320294263280752, 0.7203229053740127
4, 2.63284067604837, 0.720748799752207
0, 2.612696850393701, 0.7194323989468794
2, 2.6261563448908976, 0.7199357286665634
9, 2.6313517338995047, 0.7197808579835837
8, 2.630931334417651, 0.7202261111971504
1, 2.6016550950277018, 0.7181547158122967
3, 2.6194098175927882, 0.7200131640080533
