who, energy-over-distance, energy-over-time
0, 2.6499503096093573, 0.7215503424158531
6, 2.641800152555301, 0.7209258758144085
2, 2.62708903068976, 0.7198642825919527
5, 2.6317950277503233, 0.7205511958535418
8, 2.62690760003037, 0.7201973314460565
9, 2.6332648558167846, 0.7204054869798714
4, 2.6396128638926992, 0.720988322474553
3, 2.6406583358732094, 0.7213838179888012
7, 2.624420636729732, 0.7189692137965488
1, 2.6258451720732356, 0.7194687870777045
