who, energy-over-distance, energy-over-time
5, 2.6308819177271383, 0.7201385232289683
4, 2.62944612881757, 0.7201182712949087
6, 2.631376323387873, 0.7197942403499534
1, 2.637933590275719, 0.7207865851188788
3, 2.6352793006371313, 0.7203815464376848
9, 2.610935547879768, 0.7194904613390579
2, 2.623984640378083, 0.7196322248774758
8, 2.6246678476527903, 0.7201385232289683
0, 2.633826794966691, 0.7206245696464012
7, 2.6512458162885832, 0.7219004414921625
