who, energy-over-distance, energy-over-time
3, 2.6212798130455703, 0.7201367121114846
4, 2.6457036114570363, 0.7221005324974508
2, 2.632206896551724, 0.7207031987612825
9, 2.6280672732285635, 0.7199667661165452
5, 2.6348768200952315, 0.7209864420861815
8, 2.6340924775707384, 0.7207220816496092
1, 2.6376390904692792, 0.7206465500963027
7, 2.630469234479432, 0.7208731447562219
6, 2.6348144059610874, 0.7211186223044677
0, 2.6405666897028333, 0.7214962800709996
