who, energy-over-distance, energy-over-time
7, 2.6473747817913256, 0.72136845956824
1, 2.617155786251414, 0.7195023783388218
9, 2.636813922356091, 0.7207098426637395
4, 2.617443408788282, 0.7192462495426272
5, 2.6445024775679657, 0.722521039151116
2, 2.623407802600867, 0.7196853274789609
6, 2.6356521739130434, 0.7208744968898646
8, 2.6329545454545453, 0.72061836809367
3, 2.634710522797165, 0.7210025612879619
0, 2.630428972337298, 0.7202158799853641
