who, energy-over-distance, energy-over-time
4, 2.620196671709531, 0.7192632737390726
6, 2.6441619729030292, 0.7213397288149671
5, 2.634755542058913, 0.720633734089163
3, 2.631051752921536, 0.7199485039141178
1, 2.6446827932450936, 0.7219211362362176
2, 2.651560234988937, 0.7216511970763513
9, 2.646507730977226, 0.7214850806702797
0, 2.6361011927372178, 0.7205091467846093
8, 2.6354664844758218, 0.7208829086982703
7, 2.62955941457496, 0.7200315621171536
