who, energy-over-distance, energy-over-time
5, 1.6320863864249904, 0.5269580376042834
3, 1.6642066420664208, 0.5334952060764537
6, 1.7165060003934685, 0.5432075706636782
8, 1.5848375451263539, 0.519300211679741
4, 1.5428731552400523, 0.5141949943967128
0, 1.6199807877041306, 0.5249657576889553
2, 1.5896604349484929, 0.518802141700909
1, 1.6481839258114375, 0.5311293736770016
9, 1.531720930232558, 0.5125762669655086
7, 1.6265106464607713, 0.5278919188145934
