who, energy-over-distance, energy-over-time
7, 1.6069242540168325, 0.5258841940532082
1, 1.4326663061114115, 0.49746478873239436
9, 1.5161470972559268, 0.5084194053208138
2, 1.4540629575402635, 0.497339593114241
0, 1.3926391382405745, 0.48557120500782475
5, 1.4770136079440972, 0.5027856025039124
6, 1.4928822333148457, 0.5054773082942097
8, 1.5014847809948033, 0.5064162754303599
4, 1.575028636884307, 0.5164319248826291
3, 1.5212384368510479, 0.5044131455399061
