who, energy-over-distance, energy-over-time
7, 1.5509704164311287, 0.5155652990917632
1, 1.3971669356284742, 0.48806764797995617
3, 1.599729938271605, 0.5194487942373943
8, 1.5674587964737448, 0.5123081741309113
4, 1.460780736957315, 0.501597243971187
2, 1.4647758462946021, 0.5014093329157532
5, 1.5325944016532032, 0.510992796742875
6, 1.585234899328859, 0.5178202317569683
0, 1.521089958939903, 0.5104917005950517
9, 1.5396914973664408, 0.5126839962417788
