who, energy-over-distance, energy-over-time
8, 1.5721053628955846, 0.516852532552489
5, 1.5721552373775434, 0.519905301850352
3, 1.5719704153233454, 0.5164164226527942
1, 1.5814261395876679, 0.5209021244782257
0, 1.609587727708533, 0.522958071148215
2, 1.5659206319353018, 0.518721574979752
4, 1.556534783423964, 0.5171640396236995
9, 1.6752839796318058, 0.5329262974269516
7, 1.5510357815442561, 0.5131144476979628
6, 1.6323699421965319, 0.5278175814590991
