who, energy-over-distance, energy-over-time
5, 1.7042309213127718, 0.5371720570823206
8, 1.6995268138801263, 0.5371720570823206
7, 1.7291169451073987, 0.5417835109366237
1, 1.7222332211443279, 0.542095095656509
6, 1.6610731707317072, 0.5305041440767745
0, 1.6615444466057188, 0.5323113354521094
3, 1.6231242785686804, 0.5257680563345174
4, 1.6179299730665642, 0.5240854988471365
9, 1.6916454705537076, 0.5387922976257244
2, 1.6657507360157016, 0.5288839035333707
