who, energy-over-distance, energy-over-time
5, 1.474278312361214, 0.4979063808511968
2, 1.459316145547632, 0.49878132616711457
0, 1.568, 0.51446784575964
9, 1.4630847953216375, 0.5003437285169677
6, 1.4487226277372263, 0.4961564902193613
7, 1.5006523765144455, 0.5031560527467034
1, 1.5741774100442563, 0.5112805449659397
8, 1.4567404426559356, 0.4977188925692144
3, 1.4402848794740686, 0.49290669333166676
4, 1.502040059347181, 0.5061558652584214
