who, energy-over-distance, energy-over-time
8, 1.5792652239557121, 0.519364448857994
9, 1.5746720484359233, 0.5165508109897385
1, 1.5495223730517849, 0.5100959947037405
5, 1.5151968111609366, 0.5033101621979477
6, 1.6496124031007753, 0.5283018867924528
4, 1.6954022988505748, 0.5370738166170143
7, 1.6413828689370484, 0.5264812975835816
2, 1.5425161611138738, 0.5134061569016882
0, 1.5733532934131738, 0.5218470705064548
3, 1.500985221674877, 0.504303210857332
