who, energy-over-distance, energy-over-time
4, 1.56575682382134, 0.5184880854560394
5, 1.5293829578844271, 0.5132292522596549
9, 1.5340965654554504, 0.5064913722267872
0, 1.5284512617516082, 0.5076417419884963
1, 1.637385086823289, 0.5268693508627773
7, 1.5686372745490982, 0.5145439605587511
3, 1.5808564231738036, 0.5156943303204602
8, 1.620583717357911, 0.5201314708299096
2, 1.5178309721543723, 0.5105998356614626
6, 1.6472094214029698, 0.5286770747740345
