who, energy-over-distance, energy-over-time
7, 1.5173783515392254, 0.5054581541515051
8, 1.5611364789446982, 0.5089315249751902
4, 1.5188492063492063, 0.5064505458154152
5, 1.5892766818411734, 0.5196824346675488
2, 1.534543620776601, 0.5033079722130334
1, 1.609072375127421, 0.5221634138273239
6, 1.5496987951807228, 0.5105855110817069
0, 1.4796116504854369, 0.5041349652662918
3, 1.5922330097087378, 0.5153820707906054
9, 1.609072375127421, 0.5221634138273239
