who, energy-over-distance, energy-over-time
4, 1.6030534351145038, 0.5267558528428093
2, 1.7208686440677967, 0.5433110367892977
6, 1.636596617119426, 0.5339464882943143
5, 1.6787974683544304, 0.5322742474916388
3, 1.6384415584415584, 0.5274247491638796
9, 1.6841828691539673, 0.5359531772575251
1, 1.6311728395061729, 0.5302675585284281
7, 1.6717118997912317, 0.5356187290969899
8, 1.6395048994326973, 0.5316053511705685
0, 1.7570498915401302, 0.5418060200668896
