who, energy-over-distance, energy-over-time
6, 1.5776335496754867, 0.5195659322591253
8, 1.650126582278481, 0.535843472541927
2, 1.64267483409903, 0.5291022689904636
5, 1.605143721633888, 0.5233475830318974
3, 1.5824561403508772, 0.5190726734626767
4, 1.7409921671018276, 0.5481749424531405
1, 1.617064499746064, 0.5235120026307136
0, 1.5803393213572854, 0.5207168694508385
9, 1.6262575452716297, 0.5315685629727064
7, 1.6205852674066599, 0.5281157513975666
