who, energy-over-distance, energy-over-time
5, 1.545915778792491, 0.5119287634408602
2, 1.472291562656016, 0.4954637096774194
1, 1.5192403798100949, 0.510752688172043
6, 1.5233366434955313, 0.5154569892473119
4, 1.4687968047928108, 0.49428763440860213
9, 1.5181268882175227, 0.5065524193548387
0, 1.4723743155798905, 0.4969758064516129
7, 1.431840311587147, 0.494119623655914
8, 1.5911688311688312, 0.514616935483871
3, 1.5830784913353722, 0.5218413978494624
