who, energy-over-distance, energy-over-time
7, 1.7453088350273651, 0.5518541409147095
5, 1.6357839459864967, 0.5390605686032138
4, 1.7667450058754406, 0.5575401730531521
8, 1.3634228187919464, 0.5022249690976515
0, 1.3548819293250711, 0.5
3, 1.648898097570164, 0.5410383189122373
6, 1.3788366966254026, 0.5025339925834363
1, 1.4612137203166227, 0.5134116192830656
9, 1.876870198139911, 0.5737330037082818
2, 1.7070454981762335, 0.5495673671199011
