who, energy-over-distance, energy-over-time
6, 1.6284224250325945, 0.5379645582082205
2, 1.7273777435502502, 0.5520551316761014
4, 1.3967901656137955, 0.5033841988678317
8, 1.5377801879971078, 0.5234432685207975
9, 1.5857247976453275, 0.5303962589219788
5, 1.4144159642181318, 0.5059069652965789
3, 1.3473613894455578, 0.49643120846665023
1, 1.6372622155911973, 0.5401796701944376
7, 1.4090909090909092, 0.5016613339896628
0, 1.5599927391541115, 0.528796455820822
