who, energy-over-distance, energy-over-time
4, 1.5965466023022652, 0.5317543751159483
3, 1.557226705796038, 0.525013913796302
9, 1.4008568980291345, 0.5054727598787954
1, 1.43193626602009, 0.5112856347783068
5, 1.527596223674655, 0.5203141426009523
2, 1.3059874297055905, 0.48828149155896355
7, 1.5531054759279677, 0.5226640281986271
0, 1.4447165850244927, 0.5106672438315503
8, 1.1943827356394796, 0.46546286562364725
6, 1.527105168052042, 0.5226021891039515
