who, energy-over-distance, energy-over-time
2, 1.6479162773313398, 0.5424792371577976
8, 1.8391079251294304, 0.5681944017225469
4, 1.7640688454844324, 0.5611811750230699
6, 1.8051717331227792, 0.5625961242694556
3, 1.6253904097005327, 0.5442633035988926
0, 1.5974831296735363, 0.5388495847431559
5, 1.7882672882672883, 0.5663488157490003
7, 1.8430439952437574, 0.5721316517994464
9, 1.6784571966133583, 0.5488157490003076
1, 1.4300669298095074, 0.5126422639187942
