who, energy-over-distance, energy-over-time
3, 1.785416252731969, 0.5578940833178121
5, 1.262214983713355, 0.48115726081827775
9, 1.842317787199677, 0.5665238716086174
2, 1.3493894165535956, 0.4939467312348668
0, 1.5442314780685589, 0.5202086049543677
1, 1.247491097442538, 0.4784876140808344
7, 1.2939727377237642, 0.4891662010306078
6, 1.6975082093876763, 0.5456012913640033
8, 1.5893755824790308, 0.5293971565158005
4, 1.3422830124957785, 0.4935121375799342
