who, energy-over-distance, energy-over-time
6, 1.7170609732640894, 0.5518328491067565
9, 1.5934450377462714, 0.534957037769673
7, 1.3868613138686132, 0.5050380169376275
0, 1.5582111171464783, 0.531989862149966
8, 1.4346620450606586, 0.5117141620819682
3, 1.4117545970097956, 0.5078197440811028
4, 1.594515000920302, 0.535513383198368
2, 1.718431674034211, 0.552698275329171
1, 1.6927929650162492, 0.547382085677196
5, 1.5014189428875488, 0.5232737837670767
