who, energy-over-distance, energy-over-time
4, 1.5932291666666667, 0.516984958593882
1, 1.6340579710144927, 0.5335474057799561
2, 1.581799591002045, 0.5229001183031942
6, 1.6666666666666667, 0.5289842825756296
5, 1.6785714285714286, 0.5321953692749705
3, 1.6261730969760166, 0.5271252323812743
7, 1.7218649517684887, 0.5430116613148555
8, 1.635036496350365, 0.5299983099543688
9, 1.6459430979978926, 0.5279702551968903
0, 1.6006191950464397, 0.5242521548081798
