who, energy-over-distance, energy-over-time
6, 1.5355544505221284, 0.5071440302184267
0, 1.6601340897369778, 0.5286582361635737
5, 1.599399098647972, 0.524552471670225
4, 1.636085626911315, 0.5271801609459681
9, 1.5751503006012024, 0.5163409426835277
8, 1.4135625596943648, 0.4861225160124815
2, 1.523903400689995, 0.5078009525373625
3, 1.6711271230056612, 0.5332566923961242
1, 1.6473007712082262, 0.5261947774675645
7, 1.5458601883986118, 0.512070947610445
