who, energy-over-distance, energy-over-time
3, 1.5653710247349824, 0.5130708140304434
4, 1.5432405566600398, 0.5137326273990734
0, 1.5299102691924227, 0.5077763070814031
5, 1.6432627774909654, 0.5266379880873594
9, 1.5897824987354578, 0.5200198544010589
8, 1.4603097773475315, 0.49917273328921247
1, 1.5552238805970149, 0.5172071475843812
7, 1.497768963807635, 0.4998345466578425
6, 1.5813131313131312, 0.5180344142951687
2, 1.4975296442687747, 0.5014890800794176
