who, energy-over-distance, energy-over-time
3, 1.62, 0.5264122646225629
8, 1.6767466110531803, 0.5359106815530745
9, 1.6027678113787802, 0.521079820029995
6, 1.6727748691099475, 0.5324112647892018
1, 1.5783619817997978, 0.5202466255624063
5, 1.5841382816471785, 0.5192467922012998
4, 1.6409725814795655, 0.5285785702382936
2, 1.5781725888324873, 0.5180803199466756
7, 1.5660759493670886, 0.5154140976503916
0, 1.5862244897959183, 0.5180803199466756
