who, energy-over-distance, energy-over-time
0, 1.761777301927195, 0.5443268276546477
8, 1.7161733615221988, 0.5370492887859742
6, 1.7253037506603275, 0.5401918623883559
1, 1.82062534284147, 0.5489579887528945
3, 1.686489306207616, 0.5347337082368508
2, 1.8840177580466149, 0.5615282831624214
9, 1.7284277395447327, 0.5400264637777042
4, 1.7789133942980098, 0.5469732054250744
5, 1.676424464192368, 0.5304333443599074
7, 1.8165038002171552, 0.5534237512404896
