who, energy-over-distance, energy-over-time
2, 1.5662955465587045, 0.5118240449809823
8, 1.5385380407757334, 0.5116586737225071
0, 1.4987642115669797, 0.5014056556970399
6, 1.5139165009940359, 0.5037208533156937
4, 1.5171736997055938, 0.5113279312055565
7, 1.4879369768586903, 0.4997519431122871
9, 1.5007407407407407, 0.5025632545063667
5, 1.4520681265206812, 0.4934678352902266
1, 1.5986842105263157, 0.5224078055234
3, 1.545681477783325, 0.5119894162394576
