who, energy-over-distance, energy-over-time
9, 1.791974656810982, 0.5564846696179702
8, 1.7331256490134994, 0.5473028365305788
7, 1.718041237113402, 0.5464830300049188
1, 1.6913133402275078, 0.5363174290867355
4, 1.7554146856840993, 0.544843416953599
3, 1.7450879007238884, 0.5533694048204624
5, 1.7081192189105858, 0.5450073782587309
6, 1.8832515002727768, 0.5659944253156255
0, 1.7917764891934633, 0.5573044761436301
2, 1.7835429769392033, 0.5579603213641581
