who, energy-over-distance, energy-over-time
9, 1.6371176775531364, 0.5246718724040539
8, 1.6442605997931747, 0.5283269646120619
2, 1.6663249615581752, 0.540122944010633
4, 1.6514373716632444, 0.5344741651437116
6, 1.6419816138917263, 0.5341418840338926
0, 1.7057277982133474, 0.5392922412360858
1, 1.6153452685421994, 0.5246718724040539
3, 1.6699738903394257, 0.531317494600432
7, 1.6441207075962538, 0.5250041535138728
5, 1.6251287332646756, 0.5243395912942349
