who, energy-over-distance, energy-over-time
0, 1.4910802775024776, 0.4987568373943312
7, 1.4338983050847458, 0.4908005967180507
9, 1.517104610808131, 0.5072103431128792
8, 1.6071246819338423, 0.5234543344936184
3, 1.4894244958189866, 0.5019061826620256
4, 1.5334003013561024, 0.506050058014255
5, 1.6718426501035197, 0.5353886955080391
6, 1.6663185378590077, 0.5289242499585612
2, 1.6605934409161895, 0.528758494944472
1, 1.4832767813863306, 0.5072103431128792
