who, energy-over-distance, energy-over-time
6, 1.402691013935608, 0.4851254778128635
0, 1.4641288433382138, 0.4985873358816686
9, 1.570778564206269, 0.5163702841947815
8, 1.5806451612903225, 0.513046368622237
3, 1.4970559371933267, 0.5070633205916569
2, 1.4932668329177057, 0.4975901612099053
1, 1.6127197518097207, 0.5183646335383081
4, 1.55052790346908, 0.5125477812863554
5, 1.4857563850687623, 0.5027422303473492
7, 1.6257040450588838, 0.5276715971414326
