who, energy-over-distance, energy-over-time
3, 1.5910249872514024, 0.518014278598705
4, 1.6149870801033592, 0.5188444296862029
6, 1.607124419204956, 0.5168520670762079
1, 1.6632124352331605, 0.5329569981736676
9, 1.6486902927580893, 0.5329569981736676
0, 1.5618090452261306, 0.51602191598871
7, 1.5310650887573964, 0.5155238253362112
5, 1.6909758656873033, 0.5351153910011622
8, 1.5737868934467234, 0.5223310642536941
2, 1.6836248012718602, 0.5274780009961813
