who, energy-over-distance, energy-over-time
6, 1.5357843137254903, 0.5139435695538058
7, 1.6015075376884422, 0.5228018372703412
1, 1.5329428989751097, 0.515255905511811
0, 1.660860655737705, 0.5318241469816273
4, 1.6835312338668043, 0.5349409448818898
3, 1.5922768304914745, 0.5208333333333334
8, 1.4987905176584422, 0.5082020997375328
2, 1.5981028457314028, 0.5250984251968503
9, 1.5405007363770251, 0.514763779527559
5, 1.5272459499263622, 0.5103346456692913
