who, energy-over-distance, energy-over-time
2, 1.548019801980198, 0.5132118824881011
1, 1.5888223552894212, 0.5225668800262596
7, 1.4980525803310614, 0.505005744296734
5, 1.4744027303754266, 0.4963072378138848
9, 1.610857432775241, 0.5210897751518135
4, 1.539230384807596, 0.505498112588216
8, 1.5498759305210918, 0.5125553914327917
3, 1.527791441219872, 0.5097653044477269
0, 1.5148367952522255, 0.5027080256031512
6, 1.541, 0.5058263581158706
