who, energy-over-distance, energy-over-time
9, 1.496818404307391, 0.5055381054719789
3, 1.481626653601176, 0.49991734170937346
4, 1.5222332015810276, 0.5093403868408002
6, 1.4728155339805826, 0.5015705075219045
1, 1.657127991675338, 0.5265333112911225
0, 1.4899460519862677, 0.5022317738469169
5, 1.553978712620375, 0.5068606381220037
8, 1.5511022044088176, 0.5118201355595966
2, 1.5498229640870005, 0.5065300049594974
7, 1.6149513568868408, 0.5214084972722764
