who, energy-over-distance, energy-over-time
8, 1.5725685785536159, 0.5168852459016393
6, 1.6308316430020284, 0.5272131147540984
1, 1.6096951524237881, 0.5280327868852459
3, 1.778372591006424, 0.5445901639344263
2, 1.5891163255117324, 0.5218032786885246
5, 1.5839524517087666, 0.5242622950819672
4, 1.5791044776119403, 0.520327868852459
0, 1.4871794871794872, 0.5039344262295082
7, 1.5883524141363863, 0.5231147540983606
9, 1.650381679389313, 0.5316393442622951
