who, energy-over-distance, energy-over-time
2, 1.576158940397351, 0.5204373423044575
8, 1.5153497735279315, 0.5064760302775442
3, 1.4756218905472638, 0.49890664423885617
1, 1.612970711297071, 0.5187552565180824
0, 1.4273127753303965, 0.4904962153069807
7, 1.4485981308411215, 0.4953742640874685
6, 1.5323814380418155, 0.5054667788057191
5, 1.4273213417598445, 0.4938603868797309
4, 1.5165165165165164, 0.5096719932716569
9, 1.4947209653092006, 0.5000841042893187
