who, energy-over-distance, energy-over-time
0, 2.6263332437035047, 0.7196149217809867
3, 2.6240150429799427, 0.719688597460645
4, 2.629871875279993, 0.7208428497752892
2, 2.612618240228449, 0.7190009577838355
7, 2.644124268347591, 0.7211129939340357
1, 2.6296296296296298, 0.7201306515385938
9, 2.621328796561605, 0.7189518406640635
8, 2.6315506101938264, 0.7202043272182519
6, 2.642054141559493, 0.7214568137724404
5, 2.637703297690718, 0.7209165254549473
