who, energy-over-distance, energy-over-time
6, 2.641654317661323, 0.721131215063254
2, 2.637794216543376, 0.7212415416298912
5, 2.620412536833646, 0.7194763165636952
7, 2.6427415002698327, 0.7203589290967932
1, 2.634811827956989, 0.7209105619299794
9, 2.6210681301030654, 0.7201382759635186
0, 2.618683822543895, 0.7185201529861724
3, 2.6358016395645745, 0.7212783171521036
4, 2.6242115152328545, 0.7190717858193586
8, 2.627532537233329, 0.7201750514857311
