who, energy-over-distance, energy-over-time
0, 2.6440322749659435, 0.7219456366237482
7, 2.648960739030023, 0.7220028612303291
6, 2.629296834186605, 0.7200286123032904
5, 2.6203771226169392, 0.7196852646638054
1, 2.6286668754567284, 0.7204577968526467
2, 2.629575402635432, 0.7194277539341917
3, 2.6383067896060353, 0.7204577968526467
8, 2.643561241610738, 0.7212875536480686
9, 2.628732512006682, 0.7204005722460658
4, 2.63239289446186, 0.7208011444921316
