who, energy-over-distance, energy-over-time
2, 2.639038437460874, 0.7210591133004927
1, 2.6353176588294147, 0.7208538587848933
7, 2.647472086312884, 0.7219143404488232
3, 2.6412376299636726, 0.7212985769020251
8, 2.6411573146292584, 0.7213669950738916
0, 2.6360680340170086, 0.7210591133004927
4, 2.624361688877818, 0.7208196496989601
6, 2.6409068136272547, 0.7212985769020251
5, 2.624298365972309, 0.7197249589490968
9, 2.630776917312016, 0.720511767925561
