who, energy-over-distance, energy-over-time
3, 2.6226984900146126, 0.7198203256597417
1, 2.6120764974274344, 0.7194192668645223
5, 2.6353596559812353, 0.7209700275393706
6, 2.6516103692065984, 0.722012780406941
9, 2.6201323987538943, 0.7196064276356248
4, 2.6209614636045155, 0.7201144354429025
7, 2.6449303785055895, 0.7211839255634876
2, 2.6217268568091114, 0.7201144354429025
8, 2.630078125, 0.7200876981898879
0, 2.645951774161929, 0.7217454078767948
