who, energy-over-distance, energy-over-time
6, 2.6371308016877637, 0.7215864715270468
5, 2.6488606649234216, 0.7223674827668172
2, 2.6306775874906925, 0.719820706984957
4, 2.627679345805972, 0.720160277089205
8, 2.6569324847123426, 0.7229447519440388
9, 2.6319513406156902, 0.7199904920370811
0, 2.629868518977921, 0.7199565350266562
7, 2.63480635551142, 0.7207715032768515
3, 2.6440214010202814, 0.7215864715270468
1, 2.6296801388544506, 0.7202621481204795
