who, energy-over-distance, energy-over-time
7, 1.7885318452953627, 0.5614957110064033
9, 1.5861389684813754, 0.5350368490999154
2, 1.5035534754723523, 0.5239821191252869
0, 1.7895749182535103, 0.5620393862510571
1, 2.122061677808928, 0.5944182674882204
6, 1.692350850944455, 0.5466352543191978
8, 1.471704564882886, 0.5199951673311586
3, 1.5892442379846345, 0.5373323667995651
5, 1.787925398961738, 0.5617373444484717
4, 1.7352442013954366, 0.5558777334783134
