who, energy-over-distance, energy-over-time
1, 1.9823431657665143, 0.5858554852968261
8, 1.6007272727272728, 0.5404874455153785
6, 2.034410407049937, 0.5952483270919026
3, 1.4455922865013775, 0.5154398673951747
4, 1.2906882591093118, 0.4892872490637854
5, 1.4614853195164077, 0.5194916815028547
7, 1.3440487965710517, 0.5005218245441709
0, 1.3275833744044685, 0.49610166369942904
9, 1.929574598005292, 0.5819878445576769
2, 1.4702021074451546, 0.522499846522193
