who, energy-over-distance, energy-over-time
6, 1.2344740177439797, 0.48164173569044383
0, 1.8900831474345974, 0.5760909877611571
4, 1.4428025034770515, 0.5129805909259488
9, 1.4260599793174766, 0.5114352824823835
8, 1.558105909994578, 0.5328841636790703
7, 1.3813301823092505, 0.5058103597478056
2, 1.6071494379952092, 0.5391272097910743
5, 2.6588832487309646, 0.6475460501916183
3, 1.547443946188341, 0.5332550377055261
1, 1.437737150741635, 0.5152676474224255
