who, energy-over-distance, energy-over-time
1, 1.4369384934346925, 0.5083740831295843
4, 1.340841828345939, 0.4984718826405868
5, 1.3276171811203659, 0.49688264058679704
8, 1.6332586786114223, 0.5349022004889975
9, 1.3574277168494517, 0.4993276283618582
0, 1.636077122728958, 0.5394254278728606
7, 1.2133586578031021, 0.46858190709046454
2, 1.9200411099691674, 0.5709657701711491
6, 1.6123543554651378, 0.5328850855745721
3, 1.367796893268749, 0.5005501222493888
