who, energy-over-distance, energy-over-time
1, 1.351764705882353, 0.4986360818350899
7, 1.2455089820359282, 0.47712337259764415
8, 1.604275092936803, 0.5350898946063236
3, 1.2061382692611928, 0.4726596404215747
6, 1.3520254435888852, 0.5007439553626782
5, 1.2397039897039897, 0.477743335399876
0, 1.502504472271914, 0.5207067575945443
2, 2.431523306102835, 0.6274023558586485
9, 1.4731698649609097, 0.5140111593304402
4, 1.237772397094431, 0.4753874767513949
