who, energy-over-distance, energy-over-time
7, 1.467719298245614, 0.5191436549798325
0, 1.4684191954834156, 0.5164753335401799
4, 1.275263584752636, 0.48786844554762643
3, 1.315258720449661, 0.4937015203226807
6, 1.5505699294373079, 0.5318026683214396
5, 2.3199445983379503, 0.6236425690350605
8, 1.339402037748455, 0.4976109215017065
1, 1.2840314136125655, 0.48699968973006513
2, 1.348512854982356, 0.49798324542351846
9, 2.4151436031331595, 0.6313993174061433
