who, energy-over-distance, energy-over-time
0, 2.6320831929131963, 0.7205403624382207
6, 2.645309477756286, 0.7209884678747941
9, 2.630294570658452, 0.7202240527182866
8, 2.6216994719155067, 0.7197364085667216
1, 2.612037569484378, 0.7183920922570016
4, 2.6332016571924077, 0.7203953871499176
3, 2.624849853456974, 0.7200131795716639
5, 2.6267256722305063, 0.7196968698517299
2, 2.6299273234826974, 0.720158154859967
7, 2.621741009266817, 0.7196441515650741
