who, energy-over-distance, energy-over-time
0, 2.6223260830487147, 0.719577763527845
8, 2.641911410688493, 0.7217810223778753
1, 2.6297874894945372, 0.7202847794274816
5, 2.6344558027660856, 0.720350548348378
3, 2.6354730135833635, 0.7209753530968941
9, 2.637987012987013, 0.7214028510827208
2, 2.6326028219753828, 0.7209260264062217
4, 2.6362215140400456, 0.7208766997155495
7, 2.623651402541357, 0.7197257435998619
6, 2.639131219541544, 0.7212384287804798
