who, energy-over-distance, energy-over-time
2, 2.625556740480522, 0.719709736217629
3, 2.6316781898177246, 0.7199848677649001
4, 2.631449940292879, 0.7199676720431957
5, 2.6231647634584014, 0.7189187330192248
8, 2.6423757636833156, 0.7214121126663686
1, 2.607365792759051, 0.7182652955944561
7, 2.6325543409976127, 0.7205867180245555
9, 2.6281520511855474, 0.7204663479726244
6, 2.6220230634244173, 0.7194174089486536
0, 2.611794839757606, 0.7189015372975204
