who, energy-over-distance, energy-over-time
1, 2.621016421107289, 0.7194754752614606
8, 2.629986334352834, 0.7200634275838723
2, 2.632955876610699, 0.7208295472767118
9, 2.6301717408274787, 0.7203484953765568
3, 2.621637426900585, 0.7188518894649634
6, 2.621099072211769, 0.7197783597911879
4, 2.6473856209150326, 0.7216669339177223
5, 2.6361207065111127, 0.7206157464321984
7, 2.636482169632962, 0.7205266627469845
0, 2.6403548829016894, 0.7211146150693962
