who, energy-over-distance, energy-over-time
3, 2.631532433865551, 0.7204148454007323
2, 2.6240818005523887, 0.7202374231842449
8, 2.6297909920518103, 0.7204471039855481
1, 2.644205170679761, 0.7208987241729705
0, 2.6384410983170947, 0.7206890433716673
7, 2.6226060392433324, 0.7200438716753496
9, 2.646811782799006, 0.7217374473781836
6, 2.6328069761960875, 0.7207213019564832
5, 2.629952316477306, 0.7205761383248117
4, 2.6252500294152252, 0.7197535444120067
