who, energy-over-distance, energy-over-time
6, 2.6215733424939884, 0.7197668496406542
5, 2.6149780340472266, 0.7185973251843887
0, 2.6406433354041554, 0.7216154528134608
4, 2.632834585947735, 0.72027615867806
8, 2.6425117435755734, 0.7215777262180975
1, 2.626109085906871, 0.720219568785015
3, 2.626668501444888, 0.7201252522966065
9, 2.6472664359861593, 0.7215777262180975
2, 2.621827934805034, 0.719144360817158
7, 2.627918187452655, 0.7198234395336993
