who, energy-over-distance, energy-over-time
5, 2.6347588094423537, 0.7205920880272465
6, 2.62169348241069, 0.7196189977169805
8, 2.6171603677221653, 0.719207305662637
1, 2.6305536568694463, 0.7201803959729032
3, 2.621870523228051, 0.7192260189378346
9, 2.6289716433208064, 0.7199932632209289
0, 2.6253242320819115, 0.719731277368165
7, 2.6165464689073343, 0.7196751375425727
4, 2.644484083424808, 0.7213219057599461
2, 2.6156307440942204, 0.7189827463602679
