who, energy-over-distance, energy-over-time
2, 2.647818947669023, 0.7219356471298153
3, 2.6262970859985786, 0.7192883421252408
8, 2.6275764036958065, 0.7196387207287875
7, 2.6157604078164827, 0.7191520837794172
6, 2.6231812051955425, 0.7194051349930898
1, 2.6363183016314027, 0.7203394779358807
5, 2.6315003201252045, 0.7200474957662586
9, 2.621677181541079, 0.7199112374204348
0, 2.6226227646891855, 0.7194051349930898
4, 2.618045219363527, 0.7190158254335935
