who, energy-over-distance, energy-over-time
9, 2.622342176288592, 0.7193989959186622
5, 2.626086956521739, 0.7199046483909416
6, 2.633919133192389, 0.719958825441543
8, 2.6297566444634968, 0.72010329757648
4, 2.6383414892210024, 0.7205005959475567
7, 2.6145607464353766, 0.7185863401596417
3, 2.627134287032764, 0.719669881171669
0, 2.630066565609965, 0.7206631270993608
1, 2.6265314187854036, 0.7201213565933471
2, 2.6286430172754844, 0.7199407664246759
