who, energy-over-distance, energy-over-time
3, 2.6400662884823762, 0.7205357919457249
1, 2.6388924252068744, 0.7211794381142906
7, 2.641682600382409, 0.7210228755327477
4, 2.6197022489705417, 0.7193528746629555
2, 2.6393066530716287, 0.7204662085761503
5, 2.6253331641071203, 0.7196659998260416
0, 2.631274621934172, 0.720379229364182
6, 2.623684544186636, 0.7199443333043403
9, 2.624674912781478, 0.7198051665651909
8, 2.6377291242362526, 0.720953292163173
