who, energy-over-distance, energy-over-time
0, 2.6176773573243595, 0.7192512359889799
2, 2.6254991050530085, 0.719666377325735
3, 2.6336599503174165, 0.7202136090878213
8, 2.626015700316761, 0.7196097671434502
5, 2.6292723263506064, 0.7200060384194437
7, 2.638800607986735, 0.7207231007283843
1, 2.621571458032584, 0.7196286372042118
6, 2.630081300813008, 0.7203268294523908
4, 2.62994622914656, 0.7198928180548742
9, 2.625895316804408, 0.719477676718119
